source_row_id,latitude,longitude,acq_datetime,suggested_label,suggested_class,why_suggested,label,frp,confidence,historical_count,historical_frp_mean,historical_frp_max,persistence_days,persistence_ratio,has_baseline,frp_zscore,bright_ti4,bright_ti5,brightness_difference,is_night,osm_queried,near_industrial,near_residential,near_agriculture,industrial_distance,residential_distance
957,25.38699,68.58179,2026-09-06 22:08:00,0,PERSISTENT_SOURCE,"Recurring cell: 32 historical detections across 26 active days (45% of the observed span), FRP in line with its own history.",,1.79,0,32.0,1.7015625,3.33,26.0,0.448,True,0.1097274710399808,312.36,294.27,18.090000000000032,1,1,1,1,0,625.3,294.2
282,8.76241,78.10452,2026-09-05 08:13:00,1,OTHER_ANOMALY,"Weak / one-off detection: no baseline, low FIRMS confidence",,2.68,1,0.0,0.0,0.0,0.0,0.0,False,,333.26,302.74,30.519999999999985,0,0,0,0,0,,
429,21.92067,83.35186,2026-09-05 08:18:00,2,NEW_ABNORMAL_EVENT,"Known thermal cell but FRP is anomalous (z=8.4, above historical peak) — escalation watch.",,7.73,0,10.0,2.214,3.45,5.0,0.122,True,8.400930866659817,334.17,294.02,40.150000000000034,0,1,1,1,0,804.4,1012.8
609,25.38985,68.5817,2026-09-05 20:46:00,0,PERSISTENT_SOURCE,"Recurring cell: 32 historical detections across 26 active days (45% of the observed span), FRP in line with its own history.",,1.86,0,32.0,1.7015625,3.33,26.0,0.448,True,0.1965788968808138,309.94,294.74,15.199999999999989,1,1,1,1,0,625.3,294.2
281,8.75273,80.53033,2026-09-05 08:13:00,1,OTHER_ANOMALY,"Weak / one-off detection: low FRP (1.7), no baseline",,1.71,0,0.0,0.0,0.0,0.0,0.0,False,,335.04,300.96,34.08000000000004,0,0,0,0,0,,
416,19.10191,82.16685,2026-09-05 08:18:00,2,NEW_ABNORMAL_EVENT,Known thermal cell but FRP is anomalous (z=6.0) — escalation watch.,,4.75,0,10.0,1.6350000000000002,2.41,5.0,0.085,True,6.044714765711936,333.53,295.65,37.88,0,1,1,0,0,49.6,
608,25.38617,68.58049,2026-09-05 20:46:00,0,PERSISTENT_SOURCE,"Recurring cell: 32 historical detections across 26 active days (45% of the observed span), FRP in line with its own history.",,1.89,0,32.0,1.7015625,3.33,26.0,0.448,True,0.2338009365268848,306.42,294.73,11.689999999999998,1,1,1,1,0,625.3,294.2
280,8.75219,80.52672,2026-09-05 08:13:00,1,OTHER_ANOMALY,"Weak / one-off detection: low FRP (1.7), no baseline",,1.71,0,0.0,0.0,0.0,0.0,0.0,False,,336.61,294.41,42.19999999999999,0,0,0,0,0,,
432,23.68271,86.39385,2026-09-05 08:18:00,2,NEW_ABNORMAL_EVENT,Known thermal cell but FRP is anomalous (z=2.6) — escalation watch.,,8.81,0,15.0,2.926,8.3,9.0,0.155,True,2.58269052634663,331.16,291.17,39.99000000000001,0,0,0,0,0,,
561,22.37881,87.27996,2026-09-05 20:46:00,0,PERSISTENT_SOURCE,"Recurring cell: 30 historical detections across 13 active days (36% of the observed span), FRP in line with its own history.",,2.47,0,30.0,2.945,7.49,13.0,0.361,True,-0.242236561276297,318.15,285.4,32.75,1,0,0,0,0,,
279,8.75096,80.54166,2026-09-05 08:13:00,1,OTHER_ANOMALY,Weak / one-off detection: no baseline,,4.52,0,0.0,0.0,0.0,0.0,0.0,False,,334.99,301.44,33.55000000000001,0,0,0,0,0,,
457,23.69161,87.117,2026-09-05 19:06:00,2,NEW_ABNORMAL_EVENT,Known thermal cell but FRP is anomalous (z=3.0) — escalation watch.,,4.15,0,16.0,1.42125,3.42,8.0,0.211,True,2.970765948423636,309.44,285.14,24.30000000000001,1,0,0,0,0,,
430,22.3772,87.27846,2026-09-05 08:18:00,0,PERSISTENT_SOURCE,"Recurring cell: 30 historical detections across 13 active days (36% of the observed span), FRP in line with its own history.",,6.49,0,30.0,2.945,7.49,13.0,0.361,True,1.8078497046831024,333.8,290.72,43.079999999999984,0,0,0,0,0,,
278,8.75043,80.53805,2026-09-05 08:13:00,1,OTHER_ANOMALY,Weak / one-off detection: no baseline,,4.26,0,0.0,0.0,0.0,0.0,0.0,False,,338.35,301.87,36.48000000000002,0,0,0,0,0,,
571,22.78704,86.20657,2026-09-05 20:46:00,2,NEW_ABNORMAL_EVENT,Known thermal cell but FRP is anomalous (z=2.2) — escalation watch.,,2.71,0,11.0,1.071818181818182,3.0,7.0,0.25,True,2.1530131729688287,336.36,289.55,46.81,1,0,0,0,0,,
560,22.37874,87.28191,2026-09-05 20:46:00,0,PERSISTENT_SOURCE,"Recurring cell: 30 historical detections across 13 active days (36% of the observed span), FRP in line with its own history.",,1.08,0,30.0,2.945,7.49,13.0,0.361,True,-0.9510972353269352,307.02,284.97,22.049999999999955,1,0,0,0,0,,
283,8.76995,80.10387,2026-09-05 08:13:00,1,OTHER_ANOMALY,Weak / one-off detection: no baseline,,4.48,0,0.0,0.0,0.0,0.0,0.0,False,,337.67,303.09,34.58000000000004,0,0,0,0,0,,
910,24.76391,74.60693,2026-09-06 20:27:00,2,NEW_ABNORMAL_EVENT,Known thermal cell but FRP is anomalous (z=3.7) — escalation watch.,,2.03,0,5.0,1.01,1.26,4.0,0.143,True,3.6510158476855774,301.93,279.07,22.860000000000014,1,0,0,0,0,,
451,22.38052,87.27566,2026-09-05 19:06:00,0,PERSISTENT_SOURCE,"Recurring cell: 30 historical detections across 13 active days (36% of the observed span), FRP in line with its own history.",,3.53,0,30.0,2.945,7.49,13.0,0.361,True,0.2983334491508081,312.79,285.85,26.94,1,0,0,0,0,,
292,8.8223,80.99955,2026-09-05 08:13:00,1,OTHER_ANOMALY,Weak / one-off detection: no baseline,,5.32,0,0.0,0.0,0.0,0.0,0.0,False,,343.31,302.17,41.13999999999999,0,0,0,0,0,,
935,15.33194,76.28572,2026-09-06 20:29:00,2,NEW_ABNORMAL_EVENT,Known thermal cell but FRP is anomalous (z=2.7) — escalation watch.,,1.32,0,7.0,1.0814285714285714,1.19,7.0,0.121,True,2.7340335942434737,306.13,283.68,22.44999999999999,1,0,0,0,0,,
450,22.37548,87.27741,2026-09-05 19:06:00,0,PERSISTENT_SOURCE,"Recurring cell: 30 historical detections across 13 active days (36% of the observed span), FRP in line with its own history.",,4.57,0,30.0,2.945,7.49,13.0,0.361,True,0.8287040254189117,315.33,285.35,29.97999999999996,1,0,0,0,0,,
289,8.81116,80.85354,2026-09-05 08:13:00,1,OTHER_ANOMALY,Weak / one-off detection: thin history (1 detections),,4.45,0,1.0,2.95,2.95,1.0,1.0,True,,343.29,301.96,41.33000000000004,0,0,0,0,0,,
518,20.9525,86.045,2026-09-05 20:46:00,2,NEW_ABNORMAL_EVENT,Known thermal cell but FRP is anomalous (z=3.4) — escalation watch.,,4.04,0,7.0,1.9514285714285715,2.7,6.0,0.122,True,3.4315152138107226,320.13,288.64,31.49000000000001,1,0,0,0,0,,
562,22.37973,87.27766,2026-09-05 20:46:00,0,PERSISTENT_SOURCE,"Recurring cell: 30 historical detections across 13 active days (36% of the observed span), FRP in line with its own history.",,1.08,0,30.0,2.945,7.49,13.0,0.361,True,-0.9510972353269352,308.18,284.46,23.720000000000027,1,0,0,0,0,,
285,8.7973,80.39112,2026-09-05 08:13:00,1,OTHER_ANOMALY,Weak / one-off detection: no baseline,,5.15,0,0.0,0.0,0.0,0.0,0.0,False,,336.46,301.83,34.629999999999995,0,0,0,0,0,,
622,17.60913,83.20568,2026-09-05 20:49:00,2,NEW_ABNORMAL_EVENT,"Known thermal cell but FRP is anomalous (z=3.7, above historical peak) — escalation watch.",,6.72,0,5.0,2.208,3.29,5.0,0.106,True,3.74860231274666,317.89,290.33,27.56,1,0,0,0,0,,
604,23.75916,86.40092,2026-09-05 20:46:00,0,PERSISTENT_SOURCE,"Recurring cell: 38 historical detections across 16 active days (36% of the observed span), FRP in line with its own history.",,1.87,0,38.0,2.205,7.66,16.0,0.356,True,-0.2285132794177419,297.2,258.38,38.81999999999999,1,0,0,0,0,,
900,23.16375,82.34019,2026-09-06 20:27:00,1,OTHER_ANOMALY,Weak / one-off detection: thin history (1 detections),,2.14,0,1.0,1.72,1.72,1.0,1.0,True,,321.44,291.06,30.379999999999995,1,0,0,0,0,,
633,21.10577,72.64375,2026-09-05 20:49:00,2,NEW_ABNORMAL_EVENT,Known thermal cell but FRP is anomalous (z=2.6) — escalation watch.,,8.99,0,19.0,3.3057894736842104,9.26,11.0,0.216,True,2.630021967189503,331.2,294.54,36.65999999999997,1,0,0,0,0,,
1097,23.75722,86.40472,2026-09-07 07:39:00,0,PERSISTENT_SOURCE,"Recurring cell: 38 historical detections across 16 active days (36% of the observed span), FRP in line with its own history.",,2.85,0,38.0,2.205,7.66,16.0,0.356,True,0.4399733290281897,333.45,296.78,36.670000000000016,0,0,0,0,0,,
235,8.58409,80.36593,2026-09-05 08:13:00,1,OTHER_ANOMALY,Weak / one-off detection: no baseline,,3.71,0,0.0,0.0,0.0,0.0,0.0,False,,337.15,302.31,34.839999999999975,0,0,0,0,0,,
895,22.31718,82.55957,2026-09-06 20:27:00,2,NEW_ABNORMAL_EVENT,Known thermal cell but FRP is anomalous (z=2.1) — escalation watch.,,2.02,0,5.0,1.63,1.88,3.0,0.5,True,2.0569093847245714,308.04,288.06,19.980000000000015,1,1,0,0,0,,
436,23.75978,86.40414,2026-09-05 08:18:00,0,PERSISTENT_SOURCE,"Recurring cell: 38 historical detections across 16 active days (36% of the observed span), FRP in line with its own history.",,4.93,0,38.0,2.205,7.66,16.0,0.356,True,1.858802048995065,328.16,289.56,38.60000000000002,0,0,0,0,0,,
234,8.58355,80.36236,2026-09-05 08:13:00,1,OTHER_ANOMALY,Weak / one-off detection: no baseline,,3.71,0,0.0,0.0,0.0,0.0,0.0,False,,345.95,304.31,41.63999999999999,0,0,0,0,0,,
626,19.09932,82.16781,2026-09-05 20:49:00,2,NEW_ABNORMAL_EVENT,Known thermal cell but FRP is anomalous (z=3.0) — escalation watch.,,3.2,0,10.0,1.6350000000000002,2.41,5.0,0.085,True,3.036911270734889,317.65,288.78,28.870000000000005,1,1,1,0,0,49.6,
1098,23.76057,86.40414,2026-09-07 07:39:00,0,PERSISTENT_SOURCE,"Recurring cell: 38 historical detections across 16 active days (36% of the observed span), FRP in line with its own history.",,2.85,0,38.0,2.205,7.66,16.0,0.356,True,0.4399733290281897,334.9,296.73,38.16999999999996,0,0,0,0,0,,
233,8.58073,80.36644,2026-09-05 08:13:00,1,OTHER_ANOMALY,Weak / one-off detection: no baseline,,3.71,0,0.0,0.0,0.0,0.0,0.0,False,,349.09,303.15,45.94,0,0,0,0,0,,
417,20.86472,84.9909,2026-09-05 08:18:00,2,NEW_ABNORMAL_EVENT,Known thermal cell but FRP is anomalous (z=3.0) — escalation watch.,,6.34,0,13.0,2.730769230769231,5.16,8.0,0.216,True,3.040446889637897,330.54,293.37,37.170000000000016,0,0,0,0,0,,
435,23.75821,86.40292,2026-09-05 08:18:00,0,PERSISTENT_SOURCE,"Recurring cell: 38 historical detections across 16 active days (36% of the observed span), FRP in line with its own history.",,4.62,0,38.0,2.205,7.66,16.0,0.356,True,1.6473419993846177,331.56,290.06,41.5,0,0,0,0,0,,
232,8.56992,80.77787,2026-09-05 08:13:00,1,OTHER_ANOMALY,Weak / one-off detection: thin history (1 detections),,7.86,0,1.0,6.43,6.43,1.0,1.0,True,,339.49,305.56,33.93000000000001,0,0,0,0,0,,
415,19.09782,82.1674,2026-09-05 08:18:00,2,NEW_ABNORMAL_EVENT,"Known thermal cell but FRP is anomalous (z=8.5, above historical peak) — escalation watch.",,6.04,0,10.0,1.6350000000000002,2.41,5.0,0.085,True,8.547983480886382,334.75,295.4,39.35000000000002,0,1,1,0,0,49.6,
931,15.18494,76.67477,2026-09-06 20:29:00,0,PERSISTENT_SOURCE,"Recurring cell: 31 historical detections across 16 active days (28% of the observed span), FRP in line with its own history.",,1.32,0,31.0,2.076129032258065,5.17,16.0,0.276,True,-0.7507067971586175,303.39,278.76,24.629999999999995,1,0,0,0,0,,
231,8.566,80.589,2026-09-05 08:13:00,1,OTHER_ANOMALY,"Weak / one-off detection: thin history (1 detections), low FIRMS confidence",,5.11,1,1.0,4.19,4.19,1.0,1.0,True,,332.44,303.65,28.79000000000002,0,0,0,0,0,,
427,21.74681,83.84541,2026-09-05 08:18:00,2,NEW_ABNORMAL_EVENT,"Known thermal cell but FRP is anomalous (z=6.1, above historical peak) — escalation watch.",,13.65,0,6.0,3.62,6.71,5.0,0.135,True,6.104606268872803,343.02,293.86,49.15999999999997,0,0,0,0,0,,
490,15.18408,76.66525,2026-09-05 20:46:00,0,PERSISTENT_SOURCE,"Recurring cell: 31 historical detections across 16 active days (28% of the observed span), FRP in line with its own history.",,1.48,0,31.0,2.076129032258065,5.17,16.0,0.276,True,-0.5918541643127668,309.32,291.73,17.589999999999975,1,0,0,0,0,,
230,8.56501,80.8385,2026-09-05 08:13:00,1,OTHER_ANOMALY,Weak / one-off detection: no baseline,,4.76,0,0.0,0.0,0.0,0.0,0.0,False,,334.37,303.22,31.149999999999977,0,0,0,0,0,,
536,20.97332,86.00273,2026-09-05 20:46:00,2,NEW_ABNORMAL_EVENT,Known thermal cell but FRP is anomalous (z=6.2) — escalation watch.,,5.04,0,9.0,1.3544444444444443,2.6,5.0,0.102,True,6.203173104215586,307.13,288.82,18.31,1,0,0,0,0,,
930,15.18263,76.66628,2026-09-06 20:29:00,0,PERSISTENT_SOURCE,"Recurring cell: 31 historical detections across 16 active days (28% of the observed span), FRP in line with its own history.",,4.01,0,31.0,2.076129032258065,5.17,16.0,0.276,True,1.920003092562249,328.99,278.67,50.31999999999999,1,0,0,0,0,,
244,8.62896,80.51635,2026-09-05 08:13:00,1,OTHER_ANOMALY,Weak / one-off detection: no baseline,,4.29,0,0.0,0.0,0.0,0.0,0.0,False,,337.33,301.47,35.85999999999996,0,0,0,0,0,,
595,23.69439,85.372,2026-09-05 20:46:00,2,NEW_ABNORMAL_EVENT,"Known thermal cell but FRP is anomalous (z=7.0, above historical peak) — escalation watch.",,3.4,0,6.0,1.1166666666666667,1.49,4.0,0.174,True,7.040264414325599,308.29,279.18,29.110000000000014,1,0,0,0,0,,
489,15.18342,76.66917,2026-09-05 20:46:00,0,PERSISTENT_SOURCE,"Recurring cell: 31 historical detections across 16 active days (28% of the observed span), FRP in line with its own history.",,1.48,0,31.0,2.076129032258065,5.17,16.0,0.276,True,-0.5918541643127668,318.33,292.33,26.0,1,0,0,0,0,,
236,8.59053,80.52262,2026-09-05 08:13:00,1,OTHER_ANOMALY,Weak / one-off detection: no baseline,,3.17,0,0.0,0.0,0.0,0.0,0.0,False,,336.86,298.77,38.09000000000003,0,0,0,0,0,,
773,15.18268,76.66901,2026-09-06 07:58:00,2,NEW_ABNORMAL_EVENT,Known thermal cell but FRP is anomalous (z=2.4) — escalation watch.,,4.48,0,31.0,2.076129032258065,5.17,16.0,0.276,True,2.3866327015469366,335.64,301.2,34.44,0,0,0,0,0,,
928,15.17796,76.6737,2026-09-06 20:29:00,0,PERSISTENT_SOURCE,"Recurring cell: 31 historical detections across 16 active days (28% of the observed span), FRP in line with its own history.",,1.44,0,31.0,2.076129032258065,5.17,16.0,0.276,True,-0.6315673225242295,304.5,279.15,25.350000000000023,1,0,0,0,0,,
1007,8.33792,80.27499,2026-09-07 07:35:00,1,OTHER_ANOMALY,Weak / one-off detection: no baseline,,3.14,0,0.0,0.0,0.0,0.0,0.0,False,,331.57,291.07,40.5,0,0,0,0,0,,
596,23.6945,85.37199,2026-09-05 20:46:00,2,NEW_ABNORMAL_EVENT,"Known thermal cell but FRP is anomalous (z=8.8, above historical peak) — escalation watch.",,3.98,0,6.0,1.1166666666666667,1.49,4.0,0.174,True,8.828594353146993,309.93,281.38,28.55000000000001,1,0,0,0,0,,
929,15.18145,76.67422,2026-09-06 20:29:00,0,PERSISTENT_SOURCE,"Recurring cell: 31 historical detections across 16 active days (28% of the observed span), FRP in line with its own history.",,1.32,0,31.0,2.076129032258065,5.17,16.0,0.276,True,-0.7507067971586175,307.58,279.24,28.33999999999997,1,0,0,0,0,,
1006,8.33283,80.27589,2026-09-07 07:35:00,1,OTHER_ANOMALY,Weak / one-off detection: no baseline,,3.14,0,0.0,0.0,0.0,0.0,0.0,False,,341.44,292.58,48.860000000000014,0,0,0,0,0,,
827,20.75904,85.29414,2026-09-06 20:27:00,2,NEW_ABNORMAL_EVENT,Known thermal cell but FRP is anomalous (z=4.3) — escalation watch.,,5.01,0,5.0,2.12,2.83,3.0,0.088,True,4.270599167656871,310.14,290.58,19.56,1,0,0,0,0,,
1090,23.67601,86.39903,2026-09-07 07:39:00,0,PERSISTENT_SOURCE,"Recurring cell: 34 historical detections across 11 active days (27% of the observed span), FRP in line with its own history.",,4.45,0,34.0,2.769117647058824,9.1,11.0,0.268,True,0.7497239196524984,332.82,298.25,34.56999999999999,0,0,0,0,0,,
915,14.5861,78.58088,2026-09-06 20:29:00,1,OTHER_ANOMALY,"Weak / one-off detection: low FRP (0.5), no baseline",,0.52,0,0.0,0.0,0.0,0.0,0.0,False,,298.19,276.76,21.430000000000007,1,0,0,0,0,,
818,19.09906,82.16767,2026-09-06 20:27:00,2,NEW_ABNORMAL_EVENT,Known thermal cell but FRP is anomalous (z=4.3) — escalation watch.,,3.86,0,10.0,1.6350000000000002,2.41,5.0,0.085,True,4.317653404079954,326.96,290.99,35.96999999999997,1,1,1,0,0,49.6,
1091,23.67936,86.39845,2026-09-07 07:39:00,0,PERSISTENT_SOURCE,"Recurring cell: 34 historical detections across 11 active days (27% of the observed span), FRP in line with its own history.",,4.45,0,34.0,2.769117647058824,9.1,11.0,0.268,True,0.7497239196524984,332.32,297.7,34.620000000000005,0,0,0,0,0,,
914,14.36213,78.77739,2026-09-06 20:29:00,1,OTHER_ANOMALY,Weak / one-off detection: no baseline,,2.88,0,0.0,0.0,0.0,0.0,0.0,False,,316.75,289.62,27.129999999999995,1,0,0,0,0,,
1084,22.3571,82.30258,2026-09-07 07:39:00,2,NEW_ABNORMAL_EVENT,Known thermal cell but FRP is anomalous (z=4.6) — escalation watch.,,10.02,1,19.0,2.906842105263158,7.52,6.0,0.14,True,4.649983082684812,336.1,298.18,37.920000000000016,0,0,0,0,0,,
589,23.67832,86.39969,2026-09-05 20:46:00,0,PERSISTENT_SOURCE,"Recurring cell: 34 historical detections across 11 active days (27% of the observed span), FRP in line with its own history.",,3.47,0,34.0,2.769117647058824,9.1,11.0,0.268,True,0.3126145407754861,311.12,288.74,22.379999999999995,1,0,0,0,0,,
913,14.36157,78.78092,2026-09-06 20:29:00,1,OTHER_ANOMALY,Weak / one-off detection: no baseline,,2.88,0,0.0,0.0,0.0,0.0,0.0,False,,312.71,290.24,22.46999999999997,1,0,0,0,0,,
784,22.35737,82.30364,2026-09-06 08:01:00,2,NEW_ABNORMAL_EVENT,Known thermal cell but FRP is anomalous (z=2.7) — escalation watch.,,7.02,0,19.0,2.906842105263158,7.52,6.0,0.14,True,2.688835944593548,340.16,298.83,41.33000000000004,0,0,0,0,0,,
590,23.67911,86.39612,2026-09-05 20:46:00,0,PERSISTENT_SOURCE,"Recurring cell: 34 historical detections across 11 active days (27% of the observed span), FRP in line with its own history.",,1.9,0,34.0,2.769117647058824,9.1,11.0,0.268,True,-0.3876525253846254,308.56,288.37,20.19,1,0,0,0,0,,
912,13.39294,80.0768,2026-09-06 20:29:00,1,OTHER_ANOMALY,"Weak / one-off detection: low FRP (0.6), thin history (1 detections)",,0.57,0,1.0,3.43,3.43,1.0,1.0,True,,307.2,281.93,25.269999999999985,1,0,0,0,0,,
391,15.17266,76.66496,2026-09-05 08:16:00,2,NEW_ABNORMAL_EVENT,Known thermal cell but FRP is anomalous (z=3.1) — escalation watch.,,5.73,1,8.0,1.7925,4.86,6.0,0.107,True,3.0948000303941727,335.32,305.84,29.480000000000015,0,0,0,0,0,,
488,15.18062,76.66463,2026-09-05 20:46:00,0,PERSISTENT_SOURCE,"Recurring cell: 29 historical detections across 16 active days (28% of the observed span), FRP in line with its own history.",,1.48,0,29.0,2.530689655172414,8.44,16.0,0.276,True,-0.6277983285647595,307.28,292.43,14.849999999999966,1,0,0,0,0,,
909,24.20604,82.70895,2026-09-06 20:27:00,1,OTHER_ANOMALY,"Weak / one-off detection: low FRP (0.7), thin history (2 detections)",,0.69,0,2.0,1.905,2.57,2.0,0.154,True,-1.29193193855888,300.98,277.44,23.54000000000002,1,0,0,0,0,,
390,15.16875,76.38062,2026-09-05 08:16:00,2,NEW_ABNORMAL_EVENT,Known thermal cell but FRP is anomalous (z=2.5) — escalation watch.,,5.59,1,10.0,1.606,5.97,7.0,0.438,True,2.5215279657193648,330.07,304.76,25.31,0,1,1,0,0,252.1,
485,15.17849,76.65616,2026-09-05 20:46:00,0,PERSISTENT_SOURCE,"Recurring cell: 29 historical detections across 16 active days (28% of the observed span), FRP in line with its own history.",,1.51,0,29.0,2.530689655172414,8.44,16.0,0.276,True,-0.6098730070730843,318.32,293.73,24.58999999999997,1,0,0,0,0,,
918,15.06937,76.86656,2026-09-06 20:29:00,1,OTHER_ANOMALY,"Weak / one-off detection: low FRP (0.3), thin history (3 detections)",,0.28,0,3.0,1.5633333333333337,1.61,3.0,0.333,True,-28.460018931751048,295.47,270.81,24.660000000000025,1,1,1,0,0,233.7,
437,23.78617,85.55293,2026-09-05 08:18:00,2,NEW_ABNORMAL_EVENT,Known thermal cell but FRP is anomalous (z=2.3) — escalation watch.,,4.76,0,12.0,1.7916666666666667,5.5,10.0,0.256,True,2.3205581948192533,333.73,292.06,41.670000000000016,0,0,0,0,0,,
484,15.17783,76.66007,2026-09-05 20:46:00,0,PERSISTENT_SOURCE,"Recurring cell: 29 historical detections across 16 active days (28% of the observed span), FRP in line with its own history.",,1.51,0,29.0,2.530689655172414,8.44,16.0,0.276,True,-0.6098730070730843,308.24,292.41,15.829999999999984,1,0,0,0,0,,
932,15.1873,76.65886,2026-09-06 20:29:00,1,OTHER_ANOMALY,"Weak / one-off detection: low FRP (1.0), thin history (2 detections)",,0.98,0,2.0,2.32,2.82,2.0,0.083,True,-1.8950461735799475,303.92,278.34,25.58000000000004,1,0,0,0,0,,
786,22.78975,86.19833,2026-09-06 08:01:00,2,NEW_ABNORMAL_EVENT,Known thermal cell but FRP is anomalous (z=2.4) — escalation watch.,,4.84,0,13.0,1.75,3.88,8.0,0.195,True,2.3640306676047667,330.22,295.19,35.03000000000003,0,0,0,0,0,,
393,15.17818,76.65657,2026-09-05 08:16:00,0,PERSISTENT_SOURCE,"Recurring cell: 29 historical detections across 16 active days (28% of the observed span), FRP in line with its own history.",,3.25,1,29.0,2.530689655172414,8.44,16.0,0.276,True,0.4297956394440722,333.69,301.98,31.70999999999998,0,0,0,0,0,,
940,17.5851,80.31999,2026-09-06 20:29:00,1,OTHER_ANOMALY,"Weak / one-off detection: low FRP (0.8), no baseline",,0.85,0,0.0,0.0,0.0,0.0,0.0,False,,305.01,289.16,15.849999999999966,1,0,0,0,0,,
1054,19.10229,82.16896,2026-09-07 07:39:00,2,NEW_ABNORMAL_EVENT,"Known thermal cell but FRP is anomalous (z=11.6, above historical peak) — escalation watch.",,7.63,1,10.0,1.6350000000000002,2.41,5.0,0.085,True,11.633407711217677,330.22,298.74,31.480000000000015,0,1,1,0,0,49.6,
925,15.17682,76.65726,2026-09-06 20:29:00,0,PERSISTENT_SOURCE,"Recurring cell: 29 historical detections across 16 active days (28% of the observed span), FRP in line with its own history.",,1.6,0,29.0,2.530689655172414,8.44,16.0,0.276,True,-0.5560970425980589,311.46,279.46,32.0,1,0,0,0,0,,
892,21.98676,83.2336,2026-09-06 20:27:00,1,OTHER_ANOMALY,"Weak / one-off detection: low FRP (1.3), thin history (1 detections)",,1.27,0,1.0,1.58,1.58,1.0,1.0,True,,307.64,289.2,18.44,1,0,0,0,0,,
1069,20.97015,86.00223,2026-09-07 07:39:00,2,NEW_ABNORMAL_EVENT,"Known thermal cell but FRP is anomalous (z=6.7, above historical peak) — escalation watch.",,5.31,0,9.0,1.3544444444444443,2.6,5.0,0.102,True,6.657611170035419,336.57,300.55,36.01999999999998,0,0,0,0,0,,
481,15.17504,76.65553,2026-09-05 20:46:00,0,PERSISTENT_SOURCE,"Recurring cell: 29 historical detections across 16 active days (28% of the observed span), FRP in line with its own history.",,1.51,0,29.0,2.530689655172414,8.44,16.0,0.276,True,-0.6098730070730843,312.27,293.05,19.21999999999997,1,0,0,0,0,,
938,16.54707,79.75684,2026-09-06 20:29:00,1,OTHER_ANOMALY,"Weak / one-off detection: low FRP (1.3), no baseline",,1.27,0,0.0,0.0,0.0,0.0,0.0,False,,305.42,290.32,15.100000000000025,1,0,0,0,0,,
1055,20.76041,85.29862,2026-09-07 07:39:00,2,NEW_ABNORMAL_EVENT,"Known thermal cell but FRP is anomalous (z=6.4, above historical peak) — escalation watch.",,6.35,0,6.0,1.5516666666666667,2.27,4.0,0.114,True,6.405088495370253,335.93,300.8,35.129999999999995,0,0,0,0,0,,
772,15.17639,76.65804,2026-09-06 07:58:00,0,PERSISTENT_SOURCE,"Recurring cell: 29 historical detections across 16 active days (28% of the observed span), FRP in line with its own history.",,4.81,1,29.0,2.530689655172414,8.44,16.0,0.276,True,1.3619123570111775,330.31,301.52,28.79000000000002,0,0,0,0,0,,
936,15.33737,76.24843,2026-09-06 20:29:00,1,OTHER_ANOMALY,"Weak / one-off detection: low FRP (1.2), thin history (2 detections)",,1.18,0,2.0,0.61,0.61,1.0,1.0,True,,303.54,283.42,20.120000000000005,1,0,0,0,0,,
1092,23.6855,86.39344,2026-09-07 07:39:00,2,NEW_ABNORMAL_EVENT,Known thermal cell but FRP is anomalous (z=3.7) — escalation watch.,,8.43,0,10.0,2.427,5.68,8.0,0.229,True,3.6838305281169568,345.21,298.93,46.27999999999997,0,0,0,0,0,,
426,21.74623,83.83998,2026-09-05 08:18:00,0,PERSISTENT_SOURCE,"Recurring cell: 27 historical detections across 8 active days (22% of the observed span), FRP in line with its own history.",,5.4,0,27.0,4.3566666666666665,13.51,8.0,0.216,True,0.3356567956332224,341.98,294.07,47.910000000000025,0,0,0,0,0,,
934,15.2266,76.76109,2026-09-06 20:29:00,1,OTHER_ANOMALY,"Weak / one-off detection: low FRP (0.4), thin history (4 detections)",,0.37,0,4.0,1.1,1.96,4.0,0.333,True,-1.2730836942076595,299.69,272.66,27.029999999999973,1,0,0,0,0,,
1073,20.97693,85.17239,2026-09-07 07:39:00,2,NEW_ABNORMAL_EVENT,Known thermal cell but FRP is anomalous (z=2.7) — escalation watch.,,3.85,0,7.0,1.6614285714285713,3.04,4.0,0.222,True,2.734331194137069,330.76,297.63,33.129999999999995,0,0,0,0,0,,
867,21.74586,83.841,2026-09-06 20:27:00,0,PERSISTENT_SOURCE,"Recurring cell: 27 historical detections across 8 active days (22% of the observed span), FRP in line with its own history.",,4.04,0,27.0,4.3566666666666665,13.51,8.0,0.216,True,-0.1018766632113613,334.78,291.92,42.85999999999996,1,0,0,0,0,,
933,15.22602,76.76505,2026-09-06 20:29:00,1,OTHER_ANOMALY,"Weak / one-off detection: low FRP (0.4), thin history (1 detections)",,0.37,0,1.0,0.8,0.8,1.0,1.0,True,,295.28,270.75,24.529999999999973,1,0,0,0,0,,
1078,21.74949,83.84281,2026-09-07 07:39:00,2,NEW_ABNORMAL_EVENT,Known thermal cell but FRP is anomalous (z=2.3) — escalation watch.,,11.39,1,27.0,4.3566666666666665,13.51,8.0,0.216,True,2.262734309220764,341.41,300.15,41.26000000000005,0,0,0,0,0,,
869,21.74941,83.84174,2026-09-06 20:27:00,0,PERSISTENT_SOURCE,"Recurring cell: 27 historical detections across 8 active days (22% of the observed span), FRP in line with its own history.",,4.14,0,27.0,4.3566666666666665,13.51,8.0,0.216,True,-0.069705085355142,341.16,292.89,48.27000000000004,1,0,0,0,0,,
882,21.79301,80.01822,2026-09-06 20:27:00,1,OTHER_ANOMALY,"Weak / one-off detection: low FRP (0.7), no baseline",,0.72,0,0.0,0.0,0.0,0.0,0.0,False,,311.19,291.05,20.139999999999983,1,0,0,0,0,,
1077,21.74611,83.84345,2026-09-07 07:39:00,2,NEW_ABNORMAL_EVENT,Known thermal cell but FRP is anomalous (z=2.7) — escalation watch.,,12.68,1,27.0,4.3566666666666665,13.51,8.0,0.216,True,2.677747663565994,340.17,300.69,39.48000000000002,0,0,0,0,0,,
870,21.75296,83.84248,2026-09-06 20:27:00,0,PERSISTENT_SOURCE,"Recurring cell: 27 historical detections across 8 active days (22% of the observed span), FRP in line with its own history.",,4.14,0,27.0,4.3566666666666665,13.51,8.0,0.216,True,-0.069705085355142,320.33,291.63,28.69999999999999,1,0,0,0,0,,
881,21.7897,80.01763,2026-09-06 20:27:00,1,OTHER_ANOMALY,"Weak / one-off detection: low FRP (0.7), no baseline",,0.72,0,0.0,0.0,0.0,0.0,0.0,False,,308.71,291.13,17.579999999999984,1,0,0,0,0,,
1061,20.86444,84.99381,2026-09-07 07:39:00,2,NEW_ABNORMAL_EVENT,Known thermal cell but FRP is anomalous (z=4.6) — escalation watch.,,8.19,0,13.0,2.730769230769231,5.16,8.0,0.216,True,4.598902722881533,340.65,299.45,41.19999999999999,0,0,0,0,0,,
632,21.10517,72.6481,2026-09-05 20:49:00,0,PERSISTENT_SOURCE,"Recurring cell: 25 historical detections across 18 active days (30% of the observed span), FRP in line with its own history.",,6.41,0,25.0,6.1408000000000005,42.02,18.0,0.305,True,0.0319064640697477,316.64,294.04,22.59999999999997,1,0,0,0,0,,
877,21.76119,83.85125,2026-09-06 20:27:00,1,OTHER_ANOMALY,Weak / one-off detection: thin history (2 detections),,2.26,0,2.0,2.905,2.94,1.0,1.0,True,-13.030967824723518,314.94,291.53,23.410000000000025,1,1,1,1,0,988.0,741.3
729,8.51461,80.60179,2026-09-06 07:56:00,2,NEW_ABNORMAL_EVENT,No historical thermal baseline for this cell and FRP is high (13.4).,,13.37,0,0.0,0.0,0.0,0.0,0.0,False,,354.81,301.69,53.120000000000005,0,0,0,0,0,,
424,21.10671,72.64536,2026-09-05 08:18:00,0,PERSISTENT_SOURCE,"Recurring cell: 25 historical detections across 18 active days (30% of the observed span), FRP in line with its own history.",,7.04,0,25.0,6.1408000000000005,42.02,18.0,0.305,True,0.1065761236683403,336.44,281.68,54.75999999999999,0,0,0,0,0,,
243,8.62532,81.01054,2026-09-05 08:13:00,1,OTHER_ANOMALY,Weak / one-off detection: thin history (1 detections),,5.17,0,1.0,5.65,5.65,1.0,1.0,True,,338.0,302.51,35.49000000000001,0,0,0,0,0,,
726,8.50974,80.18266,2026-09-06 07:56:00,2,NEW_ABNORMAL_EVENT,No historical thermal baseline for this cell and FRP is high (24.0).,,23.97,1,0.0,0.0,0.0,0.0,0.0,False,,335.74,294.4,41.34000000000003,0,1,0,0,0,,
782,21.10245,72.63563,2026-09-06 08:01:00,0,PERSISTENT_SOURCE,"Recurring cell: 23 historical detections across 15 active days (37% of the observed span), FRP in line with its own history.",,7.51,0,23.0,4.44391304347826,11.1,15.0,0.366,True,0.8571377681516832,335.21,291.91,43.29999999999996,0,0,0,0,0,,
891,21.9833,83.23293,2026-09-06 20:27:00,1,OTHER_ANOMALY,Weak / one-off detection: thin history (2 detections),,2.01,0,2.0,1.085,1.54,1.0,1.0,True,1.4375247749396842,312.42,290.12,22.30000000000001,1,0,0,0,0,,
734,8.5646,80.74776,2026-09-06 07:56:00,2,NEW_ABNORMAL_EVENT,No historical thermal baseline for this cell and FRP is high (40.7).,,40.67,1,0.0,0.0,0.0,0.0,0.0,False,,343.58,300.17,43.40999999999997,0,1,0,0,1,,
630,21.1028,72.63883,2026-09-05 20:49:00,0,PERSISTENT_SOURCE,"Recurring cell: 23 historical detections across 15 active days (37% of the observed span), FRP in line with its own history.",,4.18,0,23.0,4.44391304347826,11.1,15.0,0.366,True,-0.0737780240028461,305.88,292.33,13.550000000000011,1,0,0,0,0,,
888,21.87917,83.55689,2026-09-06 20:27:00,1,OTHER_ANOMALY,"Weak / one-off detection: low FRP (1.4), thin history (2 detections)",,1.35,0,2.0,2.035,2.21,2.0,0.053,True,-2.767817972073058,309.65,290.99,18.659999999999968,1,0,0,0,0,,
735,8.60105,80.55779,2026-09-06 07:56:00,2,NEW_ABNORMAL_EVENT,No historical thermal baseline for this cell and FRP is high (17.5).,,17.5,1,0.0,0.0,0.0,0.0,0.0,False,,345.36,299.55,45.81,0,0,0,0,0,,
599,23.70973,86.44808,2026-09-05 20:46:00,0,PERSISTENT_SOURCE,"Recurring cell: 24 historical detections across 10 active days (29% of the observed span), FRP in line with its own history.",,2.15,0,24.0,2.7245833333333334,8.89,10.0,0.294,True,-0.2244795326286569,315.23,285.54,29.69,1,0,0,0,0,,
887,21.87546,83.49538,2026-09-06 20:27:00,1,OTHER_ANOMALY,Weak / one-off detection: no baseline,,2.58,0,0.0,0.0,0.0,0.0,0.0,False,,314.31,291.01,23.30000000000001,1,0,0,0,0,,
736,8.61943,80.69527,2026-09-06 07:56:00,2,NEW_ABNORMAL_EVENT,No historical thermal baseline for this cell and FRP is high (7.7).,,7.65,1,0.0,0.0,0.0,0.0,0.0,False,,333.64,299.75,33.889999999999986,0,0,0,0,0,,
1093,23.71457,86.45176,2026-09-07 07:39:00,0,PERSISTENT_SOURCE,"Recurring cell: 24 historical detections across 10 active days (29% of the observed span), FRP in line with its own history.",,5.65,0,24.0,2.7245833333333334,8.89,10.0,0.294,True,1.1429084833834666,333.91,296.78,37.13000000000005,0,0,0,0,0,,
939,17.46283,80.65475,2026-09-06 20:29:00,1,OTHER_ANOMALY,"Weak / one-off detection: low FRP (0.9), thin history (4 detections)",,0.92,0,4.0,2.03,2.91,3.0,0.167,True,-1.310637695293476,307.66,279.96,27.700000000000045,1,0,0,0,0,,
401,15.82935,79.52122,2026-09-05 08:16:00,2,NEW_ABNORMAL_EVENT,No historical thermal baseline for this cell and FRP is high (9.8).,,9.8,0,0.0,0.0,0.0,0.0,0.0,False,,340.2,305.37,34.829999999999984,0,0,0,0,0,,
433,23.71049,86.45036,2026-09-05 08:18:00,0,PERSISTENT_SOURCE,"Recurring cell: 24 historical detections across 10 active days (29% of the observed span), FRP in line with its own history.",,5.0,0,24.0,2.7245833333333334,8.89,10.0,0.294,True,0.8889649946955007,328.02,290.43,37.589999999999975,0,0,0,0,0,,
324,9.22275,80.66697,2026-09-05 08:13:00,1,OTHER_ANOMALY,Weak / one-off detection: no baseline,,3.32,0,0.0,0.0,0.0,0.0,0.0,False,,336.31,302.88,33.43000000000001,0,0,0,0,0,,
998,8.06883,80.6097,2026-09-07 07:35:00,2,NEW_ABNORMAL_EVENT,No historical thermal baseline for this cell and FRP is high (9.0).,,8.99,0,0.0,0.0,0.0,0.0,0.0,False,,343.14,295.07,48.06999999999999,0,0,0,0,0,,
600,23.71498,86.44942,2026-09-05 20:46:00,0,PERSISTENT_SOURCE,"Recurring cell: 24 historical detections across 10 active days (29% of the observed span), FRP in line with its own history.",,2.22,0,24.0,2.7245833333333334,8.89,10.0,0.294,True,-0.1971317723084144,307.91,284.92,22.99000000000001,1,0,0,0,0,,
323,9.21617,80.32276,2026-09-05 08:13:00,1,OTHER_ANOMALY,Weak / one-off detection: no baseline,,2.46,0,0.0,0.0,0.0,0.0,0.0,False,,331.28,300.66,30.619999999999948,0,0,0,0,0,,
1001,8.13301,80.09626,2026-09-07 07:35:00,2,NEW_ABNORMAL_EVENT,No historical thermal baseline for this cell and FRP is high (6.3).,,6.31,0,0.0,0.0,0.0,0.0,0.0,False,,331.97,291.48,40.49000000000001,0,0,0,0,0,,
1101,23.80467,86.32935,2026-09-07 07:39:00,0,PERSISTENT_SOURCE,"Recurring cell: 22 historical detections across 14 active days (33% of the observed span), FRP in line with its own history.",,4.15,0,22.0,2.9740909090909096,6.95,14.0,0.333,True,0.6274541181862873,343.5,297.8,45.69999999999999,0,0,0,0,0,,
321,9.07612,80.40704,2026-09-05 08:13:00,1,OTHER_ANOMALY,Weak / one-off detection: no baseline,,2.15,0,0.0,0.0,0.0,0.0,0.0,False,,336.87,302.41,34.45999999999998,0,0,0,0,0,,
199,8.46393,80.79059,2026-09-05 08:13:00,2,NEW_ABNORMAL_EVENT,No historical thermal baseline for this cell and FRP is high (6.6).,,6.6,0,0.0,0.0,0.0,0.0,0.0,False,,335.48,303.0,32.48000000000002,0,0,0,0,0,,
1100,23.80133,86.32993,2026-09-07 07:39:00,0,PERSISTENT_SOURCE,"Recurring cell: 22 historical detections across 14 active days (33% of the observed span), FRP in line with its own history.",,4.15,0,22.0,2.9740909090909096,6.95,14.0,0.333,True,0.6274541181862873,335.05,297.07,37.98000000000002,0,0,0,0,0,,
320,9.04103,80.44921,2026-09-05 08:13:00,1,OTHER_ANOMALY,"Weak / one-off detection: thin history (1 detections), low FIRMS confidence",,5.52,1,1.0,19.68,19.68,1.0,1.0,True,,332.04,305.66,26.379999999999995,0,0,0,0,0,,
1074,21.236,94.84895,2026-09-07 07:39:00,2,NEW_ABNORMAL_EVENT,No historical thermal baseline for this cell and FRP is high (12.4).,,12.41,2,0.0,0.0,0.0,0.0,0.0,False,,367.0,291.95,75.05000000000001,0,0,0,0,0,,
525,20.9654,85.16793,2026-09-05 20:46:00,0,PERSISTENT_SOURCE,"Recurring cell: 23 historical detections across 8 active days (21% of the observed span), FRP in line with its own history.",,2.04,0,23.0,2.6769565217391302,8.43,8.0,0.211,True,-0.322804424494159,305.85,286.58,19.27000000000004,1,0,0,0,0,,
319,9.00062,80.81387,2026-09-05 08:13:00,1,OTHER_ANOMALY,Weak / one-off detection: no baseline,,5.24,0,0.0,0.0,0.0,0.0,0.0,False,,350.01,302.17,47.839999999999975,0,0,0,0,0,,
1025,8.9743,80.81862,2026-09-07 07:37:00,2,NEW_ABNORMAL_EVENT,No historical thermal baseline for this cell and FRP is high (8.3).,,8.32,0,0.0,0.0,0.0,0.0,0.0,False,,332.21,291.7,40.50999999999999,0,0,0,0,0,,
533,20.96983,85.17253,2026-09-05 20:46:00,0,PERSISTENT_SOURCE,"Recurring cell: 23 historical detections across 8 active days (21% of the observed span), FRP in line with its own history.",,2.04,0,23.0,2.6769565217391302,8.43,8.0,0.211,True,-0.322804424494159,335.81,288.32,47.49000000000001,1,0,0,0,0,,
317,8.96636,80.88741,2026-09-05 08:13:00,1,OTHER_ANOMALY,Weak / one-off detection: no baseline,,4.81,0,0.0,0.0,0.0,0.0,0.0,False,,340.97,301.33,39.64000000000004,0,0,0,0,0,,
154,8.09138,79.92904,2026-09-05 08:13:00,2,NEW_ABNORMAL_EVENT,No historical thermal baseline for this cell and FRP is high (14.3).,,14.3,0,0.0,0.0,0.0,0.0,0.0,False,,344.56,301.53,43.03000000000003,0,0,0,0,0,,
421,20.96937,85.17357,2026-09-05 08:18:00,0,PERSISTENT_SOURCE,"Recurring cell: 23 historical detections across 8 active days (21% of the observed span), FRP in line with its own history.",,4.26,0,23.0,2.6769565217391302,8.43,8.0,0.211,True,0.8022736584185894,345.88,295.24,50.63999999999999,0,0,0,0,0,,
268,8.69343,81.02293,2026-09-05 08:13:00,1,OTHER_ANOMALY,Weak / one-off detection: thin history (1 detections),,8.56,0,1.0,4.45,4.45,1.0,1.0,True,,353.24,302.62,50.620000000000005,0,0,0,0,0,,
152,8.08633,81.36668,2026-09-05 08:13:00,2,NEW_ABNORMAL_EVENT,No historical thermal baseline for this cell and FRP is high (5.8).,,5.79,0,0.0,0.0,0.0,0.0,0.0,False,,336.74,299.72,37.01999999999998,0,0,0,0,0,,
537,20.97495,85.17385,2026-09-05 20:46:00,0,PERSISTENT_SOURCE,"Recurring cell: 23 historical detections across 8 active days (21% of the observed span), FRP in line with its own history.",,1.44,0,23.0,2.6769565217391302,8.43,8.0,0.211,True,-0.6268795820381452,310.9,287.89,23.00999999999999,1,0,0,0,0,,
267,8.69288,81.01921,2026-09-05 08:13:00,1,OTHER_ANOMALY,Weak / one-off detection: thin history (1 detections),,6.12,0,1.0,4.45,4.45,1.0,1.0,True,,343.85,303.52,40.33000000000004,0,0,0,0,0,,
400,15.60291,79.61507,2026-09-05 08:16:00,2,NEW_ABNORMAL_EVENT,No historical thermal baseline for this cell and FRP is high (6.1).,,6.08,0,0.0,0.0,0.0,0.0,0.0,False,,338.85,302.66,36.19,0,0,0,0,0,,
1070,20.9703,85.17357,2026-09-07 07:39:00,0,PERSISTENT_SOURCE,"Recurring cell: 23 historical detections across 8 active days (21% of the observed span), FRP in line with its own history.",,5.21,0,23.0,2.6769565217391302,8.43,8.0,0.211,True,1.2837259911965675,342.39,298.79,43.599999999999966,0,0,0,0,0,,
263,8.67725,80.70167,2026-09-05 08:13:00,1,OTHER_ANOMALY,Weak / one-off detection: no baseline,,3.66,0,0.0,0.0,0.0,0.0,0.0,False,,330.89,298.98,31.909999999999968,0,0,0,0,0,,
200,8.46437,81.0993,2026-09-05 08:13:00,2,NEW_ABNORMAL_EVENT,No historical thermal baseline for this cell and FRP is high (7.3).,,7.32,0,0.0,0.0,0.0,0.0,0.0,False,,345.65,303.22,42.42999999999995,0,0,0,0,0,,
423,20.97448,85.17305,2026-09-05 08:18:00,0,PERSISTENT_SOURCE,"Recurring cell: 23 historical detections across 8 active days (21% of the observed span), FRP in line with its own history.",,3.48,0,23.0,2.6769565217391302,8.43,8.0,0.211,True,0.4069759536114076,333.03,294.32,38.70999999999998,0,0,0,0,0,,
276,8.72964,80.96056,2026-09-05 08:13:00,1,OTHER_ANOMALY,Weak / one-off detection: no baseline,,3.93,0,0.0,0.0,0.0,0.0,0.0,False,,332.41,298.84,33.57000000000005,0,0,0,0,0,,
1013,8.46254,81.11243,2026-09-07 07:35:00,2,NEW_ABNORMAL_EVENT,No historical thermal baseline for this cell and FRP is high (6.7).,,6.74,0,0.0,0.0,0.0,0.0,0.0,False,,339.88,293.17,46.70999999999998,0,0,0,0,0,,
1094,23.73581,86.43229,2026-09-07 07:39:00,0,PERSISTENT_SOURCE,"Recurring cell: 21 historical detections across 13 active days (32% of the observed span), FRP in line with its own history.",,3.06,0,21.0,2.818095238095238,6.64,13.0,0.325,True,0.1646744131931053,331.95,297.04,34.90999999999997,0,0,0,0,0,,
275,8.70406,80.85869,2026-09-05 08:13:00,1,OTHER_ANOMALY,Weak / one-off detection: thin history (1 detections),,6.71,0,1.0,7.89,7.89,1.0,1.0,True,,337.27,302.59,34.68000000000001,0,0,0,0,0,,
188,8.42556,80.46367,2026-09-05 08:13:00,2,NEW_ABNORMAL_EVENT,No historical thermal baseline for this cell and FRP is high (7.4).,,7.39,0,0.0,0.0,0.0,0.0,0.0,False,,334.67,299.03,35.64000000000004,0,0,0,0,0,,
601,23.73551,86.43227,2026-09-05 20:46:00,0,PERSISTENT_SOURCE,"Recurring cell: 21 historical detections across 13 active days (32% of the observed span), FRP in line with its own history.",,1.68,0,21.0,2.818095238095238,6.64,13.0,0.325,True,-0.7747477313612637,309.67,276.83,32.84000000000003,1,0,0,0,0,,
252,8.63503,81.0053,2026-09-05 08:13:00,1,OTHER_ANOMALY,Weak / one-off detection: thin history (1 detections),,4.32,0,1.0,5.52,5.52,1.0,1.0,True,,342.41,302.69,39.72000000000003,0,0,0,0,0,,
226,8.54917,80.75482,2026-09-05 08:13:00,2,NEW_ABNORMAL_EVENT,No historical thermal baseline for this cell and FRP is high (11.0).,,10.97,0,0.0,0.0,0.0,0.0,0.0,False,,349.24,306.18,43.06,0,0,0,0,0,,
602,23.74075,86.43363,2026-09-05 20:46:00,0,PERSISTENT_SOURCE,"Recurring cell: 21 historical detections across 13 active days (32% of the observed span), FRP in line with its own history.",,1.41,0,21.0,2.818095238095238,6.64,13.0,0.325,True,-0.9585477161653796,304.09,278.08,26.00999999999999,1,0,0,0,0,,
273,8.70245,81.13233,2026-09-05 08:13:00,1,OTHER_ANOMALY,Weak / one-off detection: no baseline,,3.03,0,0.0,0.0,0.0,0.0,0.0,False,,335.37,303.9,31.470000000000027,0,0,0,0,0,,
1075,21.23763,94.84933,2026-09-07 07:39:00,2,NEW_ABNORMAL_EVENT,No historical thermal baseline for this cell and FRP is high (10.7).,,10.69,2,0.0,0.0,0.0,0.0,0.0,False,,367.0,291.67,75.32999999999998,0,0,0,0,0,,
434,23.73798,86.4348,2026-09-05 08:18:00,0,PERSISTENT_SOURCE,"Recurring cell: 21 historical detections across 13 active days (32% of the observed span), FRP in line with its own history.",,3.33,0,21.0,2.818095238095238,6.64,13.0,0.325,True,0.3484743979972211,333.13,290.42,42.70999999999998,0,0,0,0,0,,
272,8.69899,80.28534,2026-09-05 08:13:00,1,OTHER_ANOMALY,"Weak / one-off detection: no baseline, low FIRMS confidence",,2.41,1,0.0,0.0,0.0,0.0,0.0,False,,330.9,301.1,29.799999999999955,0,0,0,0,0,,
145,8.0395,80.61161,2026-09-05 08:13:00,2,NEW_ABNORMAL_EVENT,No historical thermal baseline for this cell and FRP is high (8.8).,,8.79,0,0.0,0.0,0.0,0.0,0.0,False,,348.35,302.2,46.150000000000034,0,0,0,0,0,,
588,23.67692,86.08581,2026-09-05 20:46:00,0,PERSISTENT_SOURCE,"Recurring cell: 23 historical detections across 10 active days (20% of the observed span), FRP in line with its own history.",,1.1,0,23.0,2.267391304347826,7.7,10.0,0.196,True,-0.738832094269234,305.12,277.3,27.819999999999997,1,0,0,0,0,,
284,8.79525,80.56088,2026-09-05 08:13:00,1,OTHER_ANOMALY,Weak / one-off detection: no baseline,,4.55,0,0.0,0.0,0.0,0.0,0.0,False,,338.1,302.86,35.24000000000001,0,0,0,0,0,,
180,8.38724,81.02727,2026-09-05 08:13:00,2,NEW_ABNORMAL_EVENT,No historical thermal baseline for this cell and FRP is high (6.4).,,6.44,0,0.0,0.0,0.0,0.0,0.0,False,,340.75,303.11,37.63999999999999,0,0,0,0,0,,
592,23.68052,86.094,2026-09-05 20:46:00,0,PERSISTENT_SOURCE,"Recurring cell: 23 historical detections across 10 active days (20% of the observed span), FRP in line with its own history.",,0.93,0,23.0,2.267391304347826,7.7,10.0,0.196,True,-0.8464236580901914,301.32,274.43,26.889999999999983,1,0,0,0,0,,
863,21.73018,82.2159,2026-09-06 20:27:00,1,OTHER_ANOMALY,"Weak / one-off detection: low FRP (1.1), thin history (1 detections)",,1.13,0,1.0,2.43,2.43,1.0,1.0,True,,305.94,291.7,14.240000000000007,1,0,0,0,0,,
179,8.3856,81.01615,2026-09-05 08:13:00,2,NEW_ABNORMAL_EVENT,No historical thermal baseline for this cell and FRP is high (6.3).,,6.27,0,0.0,0.0,0.0,0.0,0.0,False,,337.54,303.06,34.48000000000002,0,0,0,0,0,,
517,20.95163,86.04891,2026-09-05 20:46:00,0,PERSISTENT_SOURCE,"Recurring cell: 22 historical detections across 8 active days (16% of the observed span), FRP in line with its own history.",,4.04,0,22.0,2.271818181818182,4.92,8.0,0.163,True,1.7342131132369407,315.49,289.05,26.44,1,0,0,0,0,,
820,19.10314,82.16439,2026-09-06 20:27:00,1,OTHER_ANOMALY,"Weak / one-off detection: low FRP (1.3), thin history (1 detections)",,1.34,0,1.0,2.47,2.47,1.0,1.0,True,,326.72,290.28,36.440000000000055,1,0,0,0,0,,
176,8.3665,80.20679,2026-09-05 08:13:00,2,NEW_ABNORMAL_EVENT,No historical thermal baseline for this cell and FRP is high (7.0).,,6.99,0,0.0,0.0,0.0,0.0,0.0,False,,336.98,303.26,33.72000000000003,0,0,0,0,0,,
583,23.64934,85.43687,2026-09-05 20:46:00,0,PERSISTENT_SOURCE,"Recurring cell: 21 historical detections across 8 active days (20% of the observed span), FRP in line with its own history.",,0.32,0,21.0,2.059047619047619,5.48,8.0,0.2,True,-1.1813595974980915,299.05,271.74,27.31,1,0,0,0,0,,
817,19.09155,82.1703,2026-09-06 20:27:00,1,OTHER_ANOMALY,"Weak / one-off detection: low FRP (1.0), thin history (2 detections)",,1.04,0,2.0,1.215,1.22,1.0,1.0,True,-24.74873734152884,309.99,290.52,19.470000000000027,1,0,0,0,0,,
172,8.2587,80.32465,2026-09-05 08:13:00,2,NEW_ABNORMAL_EVENT,No historical thermal baseline for this cell and FRP is high (5.9).,,5.93,0,0.0,0.0,0.0,0.0,0.0,False,,348.78,304.4,44.38,0,0,0,0,0,,
582,23.64866,85.44,2026-09-05 20:46:00,0,PERSISTENT_SOURCE,"Recurring cell: 21 historical detections across 8 active days (20% of the observed span), FRP in line with its own history.",,0.32,0,21.0,2.059047619047619,5.48,8.0,0.2,True,-1.1813595974980915,299.87,274.08,25.79000000000002,1,0,0,0,0,,
816,18.72028,79.507,2026-09-06 20:27:00,1,OTHER_ANOMALY,Weak / one-off detection: no baseline,,2.51,0,0.0,0.0,0.0,0.0,0.0,False,,323.64,293.83,29.81,1,0,0,0,0,,
780,20.53382,85.9104,2026-09-06 07:58:00,2,NEW_ABNORMAL_EVENT,No historical thermal baseline for this cell and FRP is high (7.0).,,7.0,0,0.0,0.0,0.0,0.0,0.0,False,,336.89,292.52,44.370000000000005,0,0,0,0,0,,
482,15.17519,76.67574,2026-09-05 20:46:00,0,PERSISTENT_SOURCE,"Recurring cell: 19 historical detections across 15 active days (25% of the observed span), FRP in line with its own history.",,1.16,0,19.0,1.9936842105263155,3.51,15.0,0.254,True,-0.9581788737748944,306.33,291.78,14.550000000000011,1,0,0,0,0,,
826,20.69544,78.63868,2026-09-06 20:27:00,1,OTHER_ANOMALY,"Weak / one-off detection: low FRP (1.0), thin history (2 detections)",,0.96,0,2.0,0.94,1.1,2.0,0.25,True,0.088388347648318,309.14,292.2,16.939999999999998,1,0,0,0,0,,
996,8.06398,80.64025,2026-09-07 07:35:00,2,NEW_ABNORMAL_EVENT,No historical thermal baseline for this cell and FRP is high (7.5).,,7.53,0,0.0,0.0,0.0,0.0,0.0,False,,332.58,294.51,38.06999999999999,0,0,0,0,0,,
486,15.17865,76.67638,2026-09-05 20:46:00,0,PERSISTENT_SOURCE,"Recurring cell: 19 historical detections across 15 active days (25% of the observed span), FRP in line with its own history.",,2.25,0,19.0,1.9936842105263155,3.51,15.0,0.254,True,0.2945916108133675,308.7,293.14,15.560000000000002,1,0,0,0,0,,
825,20.53322,85.9088,2026-09-06 20:27:00,1,OTHER_ANOMALY,"Weak / one-off detection: low FRP (1.8), no baseline",,1.8,0,0.0,0.0,0.0,0.0,0.0,False,,306.94,288.89,18.05000000000001,1,0,0,0,0,,
1044,14.95639,79.64087,2026-09-07 07:37:00,2,NEW_ABNORMAL_EVENT,No historical thermal baseline for this cell and FRP is high (7.6).,,7.63,0,0.0,0.0,0.0,0.0,0.0,False,,339.26,293.27,45.99000000000001,0,0,0,0,0,,
926,15.17737,76.67767,2026-09-06 20:29:00,0,PERSISTENT_SOURCE,"Recurring cell: 19 historical detections across 15 active days (25% of the observed span), FRP in line with its own history.",,1.44,0,19.0,1.9936842105263155,3.51,15.0,0.254,True,-0.6363662722292858,318.25,279.0,39.25,1,0,0,0,0,,
824,19.9623,79.33501,2026-09-06 20:27:00,1,OTHER_ANOMALY,"Weak / one-off detection: low FRP (1.5), thin history (3 detections)",,1.46,0,3.0,0.9033333333333332,1.08,3.0,0.091,True,2.728190074671025,317.82,292.43,25.389999999999983,1,0,0,0,0,,
997,8.06511,80.64231,2026-09-07 07:35:00,2,NEW_ABNORMAL_EVENT,No historical thermal baseline for this cell and FRP is high (9.1).,,9.1,0,0.0,0.0,0.0,0.0,0.0,False,,330.51,294.82,35.69,0,0,0,0,0,,
634,21.11057,72.63561,2026-09-05 20:49:00,0,PERSISTENT_SOURCE,"Recurring cell: 19 historical detections across 11 active days (22% of the observed span), FRP in line with its own history.",,4.62,0,19.0,3.3057894736842104,9.26,11.0,0.216,True,0.6080708196363138,313.66,293.99,19.670000000000016,1,0,0,0,0,,
823,19.93615,73.71325,2026-09-06 20:27:00,1,OTHER_ANOMALY,"Weak / one-off detection: low FRP (0.6), thin history (4 detections)",,0.58,0,4.0,1.755,2.32,3.0,0.057,True,-1.5153618215964313,306.27,288.62,17.649999999999977,1,0,0,0,0,,
1043,14.95541,79.63568,2026-09-07 07:37:00,2,NEW_ABNORMAL_EVENT,No historical thermal baseline for this cell and FRP is high (7.6).,,7.63,0,0.0,0.0,0.0,0.0,0.0,False,,342.98,294.56,48.420000000000016,0,0,0,0,0,,
785,22.36074,82.30308,2026-09-06 08:01:00,0,PERSISTENT_SOURCE,"Recurring cell: 19 historical detections across 6 active days (14% of the observed span), FRP in line with its own history.",,4.18,0,19.0,2.906842105263158,7.52,6.0,0.14,True,0.8322833205338185,335.18,297.5,37.68000000000001,0,0,0,0,0,,
822,19.92946,79.12298,2026-09-06 20:27:00,1,OTHER_ANOMALY,"Weak / one-off detection: low FRP (1.4), thin history (1 detections)",,1.38,0,1.0,0.44,0.44,1.0,1.0,True,,305.97,293.11,12.860000000000014,1,0,0,0,0,,
1042,14.89407,79.23284,2026-09-07 07:37:00,2,NEW_ABNORMAL_EVENT,No historical thermal baseline for this cell and FRP is high (8.3).,,8.26,0,0.0,0.0,0.0,0.0,0.0,False,,335.91,293.91,42.0,0,0,0,0,0,,
898,22.35765,82.30017,2026-09-06 20:27:00,0,PERSISTENT_SOURCE,"Recurring cell: 19 historical detections across 6 active days (14% of the observed span), FRP in line with its own history.",,2.32,0,19.0,2.906842105263158,7.52,6.0,0.14,True,-0.3836279050827648,311.88,290.85,21.029999999999973,1,0,0,0,0,,
274,8.70351,80.85501,2026-09-05 08:13:00,1,OTHER_ANOMALY,Weak / one-off detection: thin history (1 detections),,6.71,0,1.0,7.89,7.89,1.0,1.0,True,,342.1,304.44,37.660000000000025,0,0,0,0,0,,
198,8.46325,80.80936,2026-09-05 08:13:00,2,NEW_ABNORMAL_EVENT,No historical thermal baseline for this cell and FRP is high (10.9).,,10.92,0,0.0,0.0,0.0,0.0,0.0,False,,343.07,301.59,41.48000000000002,0,0,0,0,0,,
899,22.361,82.30081,2026-09-06 20:27:00,0,PERSISTENT_SOURCE,"Recurring cell: 19 historical detections across 6 active days (14% of the observed span), FRP in line with its own history.",,2.32,0,19.0,2.906842105263158,7.52,6.0,0.14,True,-0.3836279050827648,313.17,291.69,21.480000000000015,1,0,0,0,0,,
241,8.61067,80.48598,2026-09-05 08:13:00,1,OTHER_ANOMALY,Weak / one-off detection: no baseline,,3.91,0,0.0,0.0,0.0,0.0,0.0,False,,338.4,301.77,36.63,0,0,0,0,0,,
1038,14.0443,80.13178,2026-09-07 07:37:00,2,NEW_ABNORMAL_EVENT,No historical thermal baseline for this cell and FRP is high (6.2).,,6.22,0,0.0,0.0,0.0,0.0,0.0,False,,345.5,300.87,44.63,0,0,0,0,0,,
897,22.357,82.30401,2026-09-06 20:27:00,0,PERSISTENT_SOURCE,"Recurring cell: 19 historical detections across 6 active days (14% of the observed span), FRP in line with its own history.",,2.32,0,19.0,2.906842105263158,7.52,6.0,0.14,True,-0.3836279050827648,333.42,293.5,39.920000000000016,1,0,0,0,0,,
239,8.60616,80.9755,2026-09-05 08:13:00,1,OTHER_ANOMALY,"Weak / one-off detection: no baseline, low FIRMS confidence",,3.01,1,0.0,0.0,0.0,0.0,0.0,False,,330.57,301.46,29.110000000000014,0,0,0,0,0,,
214,8.49523,80.74486,2026-09-05 08:13:00,2,NEW_ABNORMAL_EVENT,No historical thermal baseline for this cell and FRP is high (12.2).,,12.18,0,0.0,0.0,0.0,0.0,0.0,False,,353.16,304.75,48.410000000000025,0,0,0,0,0,,
487,15.17896,77.10342,2026-09-05 20:46:00,0,PERSISTENT_SOURCE,"Recurring cell: 17 historical detections across 13 active days (22% of the observed span), FRP in line with its own history.",,1.47,0,17.0,1.2576470588235291,2.62,13.0,0.224,True,0.3270379358463373,307.02,291.83,15.189999999999998,1,0,0,0,0,,
237,8.59385,80.63658,2026-09-05 08:13:00,1,OTHER_ANOMALY,"Weak / one-off detection: no baseline, low FIRMS confidence",,3.56,1,0.0,0.0,0.0,0.0,0.0,False,,331.01,303.04,27.96999999999997,0,0,0,0,0,,
159,8.12266,80.8163,2026-09-05 08:13:00,2,NEW_ABNORMAL_EVENT,No historical thermal baseline for this cell and FRP is high (6.8).,,6.85,0,0.0,0.0,0.0,0.0,0.0,False,,338.16,303.51,34.650000000000034,0,0,0,0,0,,
483,15.17545,77.10278,2026-09-05 20:46:00,0,PERSISTENT_SOURCE,"Recurring cell: 17 historical detections across 13 active days (22% of the observed span), FRP in line with its own history.",,1.48,0,17.0,1.2576470588235291,2.62,13.0,0.224,True,0.3424386142656939,306.89,292.02,14.870000000000005,1,0,0,0,0,,
1008,8.38897,80.20666,2026-09-07 07:35:00,1,OTHER_ANOMALY,Weak / one-off detection: no baseline,,3.5,0,0.0,0.0,0.0,0.0,0.0,False,,341.05,294.14,46.910000000000025,0,0,0,0,0,,
143,8.02858,81.16877,2026-09-05 08:13:00,2,NEW_ABNORMAL_EVENT,No historical thermal baseline for this cell and FRP is high (7.9).,,7.9,0,0.0,0.0,0.0,0.0,0.0,False,,348.57,304.24,44.329999999999984,0,0,0,0,0,,
924,15.17665,77.10001,2026-09-06 20:29:00,0,PERSISTENT_SOURCE,"Recurring cell: 17 historical detections across 13 active days (22% of the observed span), FRP in line with its own history.",,0.27,0,17.0,1.2576470588235291,2.62,13.0,0.224,True,-1.5210434744764547,297.03,275.56,21.46999999999997,1,0,0,0,0,,
896,22.33014,82.60641,2026-09-06 20:27:00,1,OTHER_ANOMALY,Weak / one-off detection: no baseline,,2.5,0,0.0,0.0,0.0,0.0,0.0,False,,320.21,291.23,28.97999999999996,1,0,0,0,0,,
222,8.52282,80.41543,2026-09-05 08:13:00,2,NEW_ABNORMAL_EVENT,No historical thermal baseline for this cell and FRP is high (15.9).,,15.94,0,0.0,0.0,0.0,0.0,0.0,False,,345.24,303.8,41.44,0,0,0,0,0,,
553,22.36147,87.01765,2026-09-05 20:46:00,0,PERSISTENT_SOURCE,"Recurring cell: 16 historical detections across 12 active days (28% of the observed span), FRP in line with its own history.",,1.12,0,16.0,1.446875,4.8,12.0,0.279,True,-0.2892167362850929,309.38,289.41,19.96999999999997,1,0,0,0,0,,
894,22.00439,82.6674,2026-09-06 20:27:00,1,OTHER_ANOMALY,"Weak / one-off detection: low FRP (1.1), thin history (4 detections)",,1.15,0,4.0,1.7325,1.93,4.0,0.095,True,-2.676687832226192,310.0,291.64,18.360000000000014,1,0,0,0,0,,
213,8.49469,80.74122,2026-09-05 08:13:00,2,NEW_ABNORMAL_EVENT,No historical thermal baseline for this cell and FRP is high (8.8).,,8.76,0,0.0,0.0,0.0,0.0,0.0,False,,343.3,304.19,39.110000000000014,0,0,0,0,0,,
556,22.36731,87.30403,2026-09-05 20:46:00,0,PERSISTENT_SOURCE,"Recurring cell: 14 historical detections across 13 active days (36% of the observed span), FRP in line with its own history.",,2.06,0,14.0,2.421428571428572,7.65,13.0,0.361,True,-0.2001116883714717,309.19,288.63,20.56,1,0,0,0,0,,
893,22.00373,82.67131,2026-09-06 20:27:00,1,OTHER_ANOMALY,"Weak / one-off detection: low FRP (1.1), thin history (4 detections)",,1.15,0,4.0,1.7325,1.93,4.0,0.095,True,-2.676687832226192,311.44,291.91,19.529999999999973,1,0,0,0,0,,
737,8.62829,80.68075,2026-09-06 07:56:00,2,NEW_ABNORMAL_EVENT,No historical thermal baseline for this cell and FRP is high (8.7).,,8.73,1,0.0,0.0,0.0,0.0,0.0,False,,330.67,300.46,30.21000000000004,0,0,0,0,0,,
558,22.36829,87.29976,2026-09-05 20:46:00,0,PERSISTENT_SOURCE,"Recurring cell: 14 historical detections across 13 active days (36% of the observed span), FRP in line with its own history.",,1.67,0,14.0,2.421428571428572,7.65,13.0,0.361,True,-0.41604248254306,309.34,286.86,22.47999999999996,1,0,0,0,0,,
907,24.19806,82.71532,2026-09-06 20:27:00,1,OTHER_ANOMALY,"Weak / one-off detection: low FRP (1.1), no baseline",,1.09,0,0.0,0.0,0.0,0.0,0.0,False,,306.47,276.18,30.29000000000002,1,0,0,0,0,,
397,15.45176,79.12704,2026-09-05 08:16:00,2,NEW_ABNORMAL_EVENT,No historical thermal baseline for this cell and FRP is high (6.0).,,5.98,0,0.0,0.0,0.0,0.0,0.0,False,,342.13,305.39,36.74000000000001,0,0,0,0,0,,
559,22.36908,87.2974,2026-09-05 20:46:00,0,PERSISTENT_SOURCE,"Recurring cell: 14 historical detections across 13 active days (36% of the observed span), FRP in line with its own history.",,0.53,0,14.0,2.421428571428572,7.65,13.0,0.361,True,-1.0472248039677023,304.62,284.39,20.230000000000015,1,0,0,0,0,,
906,24.18309,82.66032,2026-09-06 20:27:00,1,OTHER_ANOMALY,"Weak / one-off detection: low FRP (1.0), thin history (2 detections)",,0.99,0,2.0,1.065,1.21,2.0,1.0,True,-0.3657448868206279,304.11,281.06,23.05000000000001,1,0,0,0,0,,
1027,9.265,80.71633,2026-09-07 07:37:00,2,NEW_ABNORMAL_EVENT,No historical thermal baseline for this cell and FRP is high (7.6).,,7.59,0,0.0,0.0,0.0,0.0,0.0,False,,334.7,292.51,42.19,0,0,0,0,0,,
557,22.36808,87.30167,2026-09-05 20:46:00,0,PERSISTENT_SOURCE,"Recurring cell: 14 historical detections across 13 active days (36% of the observed span), FRP in line with its own history.",,2.1,0,14.0,2.421428571428572,7.65,13.0,0.361,True,-0.1779649402513088,310.24,288.1,22.139999999999983,1,0,0,0,0,,
905,24.18234,82.64417,2026-09-06 20:27:00,1,OTHER_ANOMALY,"Weak / one-off detection: low FRP (0.7), no baseline",,0.65,0,0.0,0.0,0.0,0.0,0.0,False,,304.68,282.47,22.20999999999998,1,0,0,0,0,,
754,8.91521,80.44745,2026-09-06 07:56:00,2,NEW_ABNORMAL_EVENT,No historical thermal baseline for this cell and FRP is high (6.7).,,6.67,0,0.0,0.0,0.0,0.0,0.0,False,,345.28,296.84,48.44,0,0,0,0,0,,
456,23.6887,87.11978,2026-09-05 19:06:00,0,PERSISTENT_SOURCE,"Recurring cell: 16 historical detections across 8 active days (21% of the observed span), FRP in line with its own history.",,2.7,0,16.0,1.42125,3.42,8.0,0.211,True,1.392163795344654,306.73,285.17,21.56,1,0,0,0,0,,
904,24.16126,82.56416,2026-09-06 20:27:00,1,OTHER_ANOMALY,"Weak / one-off detection: low FRP (1.4), thin history (1 detections)",,1.43,0,1.0,0.96,0.96,1.0,1.0,True,,317.13,281.97,35.15999999999997,1,0,0,0,0,,
753,8.89988,80.87962,2026-09-06 07:56:00,2,NEW_ABNORMAL_EVENT,No historical thermal baseline for this cell and FRP is high (6.0).,,5.99,1,0.0,0.0,0.0,0.0,0.0,False,,330.52,297.62,32.89999999999998,0,0,0,0,0,,
1056,20.78744,85.25918,2026-09-07 07:39:00,0,PERSISTENT_SOURCE,"Recurring cell: 17 historical detections across 9 active days (15% of the observed span), FRP in line with its own history.",,7.26,0,17.0,3.313529411764706,9.07,9.0,0.15,True,1.6186895410363888,333.19,300.43,32.75999999999999,0,0,0,0,0,,
901,23.16438,82.33635,2026-09-06 20:27:00,1,OTHER_ANOMALY,Weak / one-off detection: thin history (1 detections),,2.38,0,1.0,1.72,1.72,1.0,1.0,True,,322.71,291.19,31.519999999999985,1,0,0,0,0,,
751,8.89297,80.58804,2026-09-06 07:56:00,2,NEW_ABNORMAL_EVENT,No historical thermal baseline for this cell and FRP is high (11.6).,,11.58,1,0.0,0.0,0.0,0.0,0.0,False,,339.2,300.99,38.20999999999998,0,0,0,0,0,,
828,20.78524,85.26192,2026-09-06 20:27:00,0,PERSISTENT_SOURCE,"Recurring cell: 17 historical detections across 9 active days (15% of the observed span), FRP in line with its own history.",,4.31,0,17.0,3.313529411764706,9.07,9.0,0.15,True,0.4087136805061323,307.14,290.34,16.80000000000001,1,0,0,0,0,,
311,8.94302,80.8947,2026-09-05 08:13:00,1,OTHER_ANOMALY,Weak / one-off detection: no baseline,,5.07,0,0.0,0.0,0.0,0.0,0.0,False,,339.6,303.37,36.23000000000002,0,0,0,0,0,,
404,16.18071,75.15405,2026-09-05 08:16:00,2,NEW_ABNORMAL_EVENT,No historical thermal baseline for this cell and FRP is high (7.6).,,7.59,0,0.0,0.0,0.0,0.0,0.0,False,,337.87,303.1,34.76999999999998,0,0,0,0,0,,
508,20.79357,85.26019,2026-09-05 20:46:00,0,PERSISTENT_SOURCE,"Recurring cell: 17 historical detections across 9 active days (15% of the observed span), FRP in line with its own history.",,2.35,0,17.0,3.313529411764706,9.07,9.0,0.15,True,-0.3952024844563429,308.35,287.49,20.860000000000014,1,0,0,0,0,,
851,21.34445,81.66502,2026-09-06 20:27:00,1,OTHER_ANOMALY,"Weak / one-off detection: low FRP (1.1), no baseline",,1.06,0,0.0,0.0,0.0,0.0,0.0,False,,305.24,285.8,19.44,1,0,0,0,0,,
717,8.36934,80.17639,2026-09-06 07:56:00,2,NEW_ABNORMAL_EVENT,No historical thermal baseline for this cell and FRP is high (12.8).,,12.84,1,0.0,0.0,0.0,0.0,0.0,False,,338.25,294.62,43.63,0,0,0,0,0,,
1071,20.97089,85.17728,2026-09-07 07:39:00,0,PERSISTENT_SOURCE,"Recurring cell: 17 historical detections across 7 active days (12% of the observed span), FRP in line with its own history.",,5.21,0,17.0,2.751176470588235,9.11,7.0,0.117,True,1.1547131226734475,336.28,297.87,38.40999999999997,0,0,0,0,0,,
849,21.33653,78.97186,2026-09-06 20:27:00,1,OTHER_ANOMALY,"Weak / one-off detection: low FRP (0.7), thin history (4 detections)",,0.7,0,4.0,1.065,1.64,4.0,0.111,True,-0.8133904591685226,307.2,290.3,16.899999999999977,1,0,0,0,0,,
383,14.69037,79.738,2026-09-05 08:16:00,2,NEW_ABNORMAL_EVENT,No historical thermal baseline for this cell and FRP is high (6.0).,,6.04,0,0.0,0.0,0.0,0.0,0.0,False,,337.92,306.41,31.50999999999999,0,0,0,0,0,,
532,20.96912,85.1758,2026-09-05 20:46:00,0,PERSISTENT_SOURCE,"Recurring cell: 17 historical detections across 7 active days (12% of the observed span), FRP in line with its own history.",,4.27,0,17.0,2.751176470588235,9.11,7.0,0.117,True,0.713270163335608,318.77,288.11,30.659999999999968,1,0,0,0,0,,
848,21.24928,79.20884,2026-09-06 20:27:00,1,OTHER_ANOMALY,"Weak / one-off detection: low FRP (1.3), thin history (3 detections)",,1.27,0,3.0,1.0633333333333332,1.48,3.0,0.158,True,0.4434117543992724,312.66,290.74,21.920000000000016,1,0,0,0,0,,
763,9.38268,80.52093,2026-09-06 07:56:00,2,NEW_ABNORMAL_EVENT,No historical thermal baseline for this cell and FRP is high (7.7).,,7.72,1,0.0,0.0,0.0,0.0,0.0,False,,330.96,294.06,36.89999999999998,0,0,0,0,0,,
422,20.9697,85.17672,2026-09-05 08:18:00,0,PERSISTENT_SOURCE,"Recurring cell: 17 historical detections across 7 active days (12% of the observed span), FRP in line with its own history.",,4.26,0,17.0,2.751176470588235,9.11,7.0,0.117,True,0.7085739616405247,330.55,294.23,36.31999999999999,0,0,0,0,0,,
847,21.24365,79.22351,2026-09-06 20:27:00,1,OTHER_ANOMALY,"Weak / one-off detection: low FRP (1.4), thin history (3 detections)",,1.42,0,3.0,0.5366666666666667,0.63,2.0,0.286,True,8.261105844648279,310.91,290.63,20.28000000000003,1,0,0,0,0,,
326,9.33446,77.69536,2026-09-05 08:13:00,2,NEW_ABNORMAL_EVENT,No historical thermal baseline for this cell and FRP is high (7.2).,,7.2,0,0.0,0.0,0.0,0.0,0.0,False,,346.22,307.87,38.35000000000002,0,0,0,0,0,,
453,23.55509,87.23924,2026-09-05 19:06:00,0,PERSISTENT_SOURCE,"Recurring cell: 14 historical detections across 6 active days (29% of the observed span), FRP in line with its own history.",,4.18,0,14.0,3.362142857142857,6.46,6.0,0.286,True,0.4532139461392006,305.77,285.16,20.60999999999996,1,0,0,0,0,,
846,21.23326,79.63209,2026-09-06 20:27:00,1,OTHER_ANOMALY,"Weak / one-off detection: low FRP (0.9), thin history (3 detections)",,0.91,0,3.0,0.6533333333333333,0.8,3.0,0.167,True,1.4688666179042928,308.52,292.29,16.22999999999996,1,0,0,0,0,,
266,8.69101,80.35657,2026-09-05 08:13:00,2,NEW_ABNORMAL_EVENT,No historical thermal baseline for this cell and FRP is high (14.6).,,14.63,0,0.0,0.0,0.0,0.0,0.0,False,,347.26,302.46,44.80000000000001,0,0,0,0,0,,
468,33.29705,71.18685,2026-09-05 20:44:00,0,PERSISTENT_SOURCE,"Recurring cell: 11 historical detections across 11 active days (46% of the observed span), FRP in line with its own history.",,0.8,0,11.0,1.3436363636363635,3.45,11.0,0.458,True,-0.5315620655900996,305.9,289.53,16.370000000000005,1,1,1,0,0,315.2,
860,21.62137,81.79305,2026-09-06 20:27:00,1,OTHER_ANOMALY,"Weak / one-off detection: low FRP (1.7), thin history (1 detections)",,1.71,0,1.0,0.52,0.52,1.0,1.0,True,,306.67,290.33,16.340000000000032,1,0,0,0,0,,
384,14.77525,79.79544,2026-09-05 08:16:00,2,NEW_ABNORMAL_EVENT,No historical thermal baseline for this cell and FRP is high (25.7).,,25.68,0,0.0,0.0,0.0,0.0,0.0,False,,353.09,310.85,42.23999999999995,0,1,0,1,0,,920.5
955,33.29656,71.18871,2026-09-06 22:05:00,0,PERSISTENT_SOURCE,"Recurring cell: 11 historical detections across 11 active days (46% of the observed span), FRP in line with its own history.",,1.15,0,11.0,1.3436363636363635,3.45,11.0,0.458,True,-0.1893356521249018,301.83,290.28,11.550000000000011,1,1,1,0,0,315.2,
859,21.57637,82.02264,2026-09-06 20:27:00,1,OTHER_ANOMALY,"Weak / one-off detection: low FRP (1.6), thin history (2 detections)",,1.55,0,2.0,1.05,1.36,1.0,1.0,True,1.1404948083653992,310.42,292.7,17.720000000000027,1,0,0,0,0,,
744,8.69569,77.7998,2026-09-06 07:56:00,2,NEW_ABNORMAL_EVENT,No historical thermal baseline for this cell and FRP is high (12.9).,,12.9,0,0.0,0.0,0.0,0.0,0.0,False,,344.6,299.54,45.06,0,0,0,0,0,,
503,17.60749,83.20487,2026-09-05 20:46:00,0,PERSISTENT_SOURCE,"Recurring cell: 14 historical detections across 11 active days (22% of the observed span), FRP in line with its own history.",,2.84,0,14.0,2.8285714285714287,5.27,11.0,0.224,True,0.0064349214227793,311.25,289.69,21.56,1,0,0,0,0,,
858,21.56058,81.75462,2026-09-06 20:27:00,1,OTHER_ANOMALY,"Weak / one-off detection: low FRP (0.8), thin history (1 detections)",,0.75,0,1.0,1.06,1.06,1.0,1.0,True,,306.02,290.77,15.25,1,0,0,0,0,,
440,31.20992,73.72583,2026-09-05 08:20:00,2,NEW_ABNORMAL_EVENT,No historical thermal baseline for this cell and FRP is high (8.3).,,8.31,1,0.0,0.0,0.0,0.0,0.0,False,,332.22,305.13,27.090000000000032,0,0,0,0,0,,
809,17.60715,83.201,2026-09-06 20:27:00,0,PERSISTENT_SOURCE,"Recurring cell: 14 historical detections across 11 active days (22% of the observed span), FRP in line with its own history.",,2.44,0,14.0,2.8285714285714287,5.27,11.0,0.224,True,-0.2187873283745036,309.76,288.37,21.389999999999983,1,0,0,0,0,,
857,21.5443,81.94603,2026-09-06 20:27:00,1,OTHER_ANOMALY,"Weak / one-off detection: low FRP (1.2), no baseline",,1.19,0,0.0,0.0,0.0,0.0,0.0,False,,306.44,291.31,15.129999999999995,1,0,0,0,0,,
370,13.9938,78.45014,2026-09-05 08:16:00,2,NEW_ABNORMAL_EVENT,No historical thermal baseline for this cell and FRP is high (6.0).,,5.97,1,0.0,0.0,0.0,0.0,0.0,False,,339.2,310.21,28.99000000000001,0,0,0,0,0,,
776,17.6088,83.20451,2026-09-06 07:58:00,0,PERSISTENT_SOURCE,"Recurring cell: 14 historical detections across 11 active days (22% of the observed span), FRP in line with its own history.",,4.73,0,14.0,2.8285714285714287,5.27,11.0,0.224,True,1.0706100517149422,330.67,297.88,32.79000000000002,0,0,0,0,0,,
856,21.48625,81.76778,2026-09-06 20:27:00,1,OTHER_ANOMALY,"Weak / one-off detection: low FRP (0.8), thin history (3 detections)",,0.75,0,3.0,1.4,1.47,2.0,0.083,True,-7.313071356019159,309.66,291.67,17.99000000000001,1,0,0,0,0,,
303,8.91298,80.88026,2026-09-05 08:13:00,2,NEW_ABNORMAL_EVENT,No historical thermal baseline for this cell and FRP is high (20.0).,,19.97,0,0.0,0.0,0.0,0.0,0.0,False,,351.7,304.44,47.25999999999999,0,1,0,0,0,,
593,23.68354,86.3924,2026-09-05 20:46:00,0,PERSISTENT_SOURCE,"Recurring cell: 15 historical detections across 9 active days (16% of the observed span), FRP in line with its own history.",,4.39,0,15.0,2.926,8.3,9.0,0.155,True,0.642600090171901,317.36,287.63,29.730000000000015,1,0,0,0,0,,
853,21.37455,81.68143,2026-09-06 20:27:00,1,OTHER_ANOMALY,"Weak / one-off detection: low FRP (1.2), thin history (3 detections)",,1.17,0,3.0,1.8166666666666669,2.09,3.0,0.088,True,-2.648109457077787,303.57,284.51,19.06,1,0,0,0,0,,
385,14.89181,79.23329,2026-09-05 08:16:00,2,NEW_ABNORMAL_EVENT,No historical thermal baseline for this cell and FRP is high (9.2).,,9.19,0,0.0,0.0,0.0,0.0,0.0,False,,349.38,308.74,40.63999999999999,0,0,0,0,0,,
591,23.67989,86.39262,2026-09-05 20:46:00,0,PERSISTENT_SOURCE,"Recurring cell: 15 historical detections across 9 active days (16% of the observed span), FRP in line with its own history.",,1.9,0,15.0,2.926,8.3,9.0,0.155,True,-0.4503467845057177,310.41,287.59,22.82000000000005,1,0,0,0,0,,
314,8.95551,80.76838,2026-09-05 08:13:00,1,OTHER_ANOMALY,Weak / one-off detection: no baseline,,4.13,0,0.0,0.0,0.0,0.0,0.0,False,,340.4,303.36,37.03999999999997,0,0,0,0,0,,
304,8.91352,80.88396,2026-09-05 08:13:00,2,NEW_ABNORMAL_EVENT,No historical thermal baseline for this cell and FRP is high (10.3).,,10.26,0,0.0,0.0,0.0,0.0,0.0,False,,338.46,300.59,37.870000000000005,0,1,0,0,0,,
919,15.16716,76.37951,2026-09-06 20:29:00,0,PERSISTENT_SOURCE,"Recurring cell: 10 historical detections across 7 active days (44% of the observed span), FRP in line with its own history.",,2.15,0,10.0,1.606,5.97,7.0,0.438,True,0.3443050234315599,309.9,286.63,23.269999999999985,1,1,1,0,0,252.1,
852,21.3706,81.68456,2026-09-06 20:27:00,1,OTHER_ANOMALY,"Weak / one-off detection: low FRP (1.2), thin history (3 detections)",,1.17,0,3.0,1.8166666666666669,2.09,3.0,0.088,True,-2.648109457077787,303.3,283.42,19.879999999999995,1,0,0,0,0,,
297,8.85021,80.74253,2026-09-05 08:13:00,2,NEW_ABNORMAL_EVENT,No historical thermal baseline for this cell and FRP is high (7.9).,,7.86,0,0.0,0.0,0.0,0.0,0.0,False,,342.85,296.95,45.900000000000034,0,0,0,0,0,,
477,15.17135,76.38354,2026-09-05 20:46:00,0,PERSISTENT_SOURCE,"Recurring cell: 10 historical detections across 7 active days (44% of the observed span), FRP in line with its own history.",,0.76,0,10.0,1.606,5.97,7.0,0.438,True,-0.5354449445277566,305.11,291.53,13.58000000000004,1,1,1,0,0,252.1,
148,8.05503,80.24802,2026-09-05 08:13:00,1,OTHER_ANOMALY,Weak / one-off detection: no baseline,,3.89,0,0.0,0.0,0.0,0.0,0.0,False,,338.37,303.99,34.379999999999995,0,0,0,0,0,,
349,11.00525,77.1251,2026-09-05 08:16:00,2,NEW_ABNORMAL_EVENT,No historical thermal baseline for this cell and FRP is high (7.9).,,7.94,1,0.0,0.0,0.0,0.0,0.0,False,,345.45,309.27,36.18000000000001,0,0,0,0,0,,
475,15.16858,76.3791,2026-09-05 20:46:00,0,PERSISTENT_SOURCE,"Recurring cell: 10 historical detections across 7 active days (44% of the observed span), FRP in line with its own history.",,1.64,0,10.0,1.606,5.97,7.0,0.438,True,0.0215190639644725,314.2,292.21,21.99000000000001,1,1,1,0,0,252.1,
146,8.05222,80.25206,2026-09-05 08:13:00,1,OTHER_ANOMALY,Weak / one-off detection: no baseline,,5.49,0,0.0,0.0,0.0,0.0,0.0,False,,340.8,303.25,37.55000000000001,0,0,0,0,0,,
356,11.96101,78.80475,2026-09-05 08:16:00,2,NEW_ABNORMAL_EVENT,No historical thermal baseline for this cell and FRP is high (7.0).,,7.02,0,0.0,0.0,0.0,0.0,0.0,False,,336.43,303.7,32.73000000000002,0,0,0,0,0,,
866,21.74232,83.84026,2026-09-06 20:27:00,0,PERSISTENT_SOURCE,"Recurring cell: 14 historical detections across 7 active days (19% of the observed span), FRP in line with its own history.",,4.04,0,14.0,3.3428571428571425,5.71,7.0,0.189,True,0.471869390312464,330.78,292.01,38.76999999999998,1,0,0,0,0,,
144,8.02988,81.41364,2026-09-05 08:13:00,1,OTHER_ANOMALY,Weak / one-off detection: no baseline,,3.89,0,0.0,0.0,0.0,0.0,0.0,False,,338.73,303.45,35.28000000000003,0,0,0,0,0,,
271,8.69685,81.02242,2026-09-05 08:13:00,2,NEW_ABNORMAL_EVENT,No historical thermal baseline for this cell and FRP is high (34.7).,,34.68,0,0.0,0.0,0.0,0.0,0.0,False,,341.25,305.6,35.64999999999998,0,0,0,0,0,,
865,21.74155,83.8446,2026-09-06 20:27:00,0,PERSISTENT_SOURCE,"Recurring cell: 14 historical detections across 7 active days (19% of the observed span), FRP in line with its own history.",,4.04,0,14.0,3.3428571428571425,5.71,7.0,0.189,True,0.471869390312464,306.63,291.42,15.20999999999998,1,0,0,0,0,,
142,8.02535,80.63208,2026-09-05 08:13:00,1,OTHER_ANOMALY,Weak / one-off detection: no baseline,,4.24,0,0.0,0.0,0.0,0.0,0.0,False,,335.73,304.09,31.640000000000043,0,0,0,0,0,,
269,8.69478,80.7962,2026-09-05 08:13:00,2,NEW_ABNORMAL_EVENT,No historical thermal baseline for this cell and FRP is high (6.7).,,6.67,0,0.0,0.0,0.0,0.0,0.0,False,,344.17,301.47,42.69999999999999,0,0,0,0,0,,
425,21.7415,83.84051,2026-09-05 08:18:00,0,PERSISTENT_SOURCE,"Recurring cell: 14 historical detections across 7 active days (19% of the observed span), FRP in line with its own history.",,5.4,0,14.0,3.3428571428571425,5.71,7.0,0.189,True,1.3924014796105493,331.26,293.72,37.53999999999997,0,0,0,0,0,,
163,8.12778,80.54986,2026-09-05 08:13:00,1,OTHER_ANOMALY,Weak / one-off detection: thin history (1 detections),,2.47,0,1.0,2.51,2.51,1.0,1.0,True,,333.36,298.87,34.49000000000001,0,0,0,0,0,,
298,8.85206,80.33175,2026-09-05 08:13:00,2,NEW_ABNORMAL_EVENT,No historical thermal baseline for this cell and FRP is high (13.3).,,13.35,0,0.0,0.0,0.0,0.0,0.0,False,,342.91,301.04,41.870000000000005,0,0,0,0,0,,
864,21.738,83.84386,2026-09-06 20:27:00,0,PERSISTENT_SOURCE,"Recurring cell: 14 historical detections across 7 active days (19% of the observed span), FRP in line with its own history.",,2.02,0,14.0,3.3428571428571425,5.71,7.0,0.189,True,-0.8953915070273388,309.58,291.41,18.16999999999996,1,0,0,0,0,,
171,8.22299,80.97707,2026-09-05 08:13:00,1,OTHER_ANOMALY,"Weak / one-off detection: no baseline, low FIRMS confidence",,2.02,1,0.0,0.0,0.0,0.0,0.0,False,,331.74,301.75,29.99000000000001,0,0,0,0,0,,
301,8.88087,80.66352,2026-09-05 08:13:00,2,NEW_ABNORMAL_EVENT,No historical thermal baseline for this cell and FRP is high (6.0).,,6.01,1,0.0,0.0,0.0,0.0,0.0,False,,330.16,302.42,27.74000000000001,0,0,0,0,0,,
1059,20.86327,84.98638,2026-09-07 07:39:00,0,PERSISTENT_SOURCE,"Recurring cell: 13 historical detections across 8 active days (22% of the observed span), FRP in line with its own history.",,3.53,0,13.0,2.730769230769231,5.16,8.0,0.216,True,0.6732788402245895,332.71,296.58,36.13,0,0,0,0,0,,
164,8.16122,80.68085,2026-09-05 08:13:00,1,OTHER_ANOMALY,Weak / one-off detection: no baseline,,5.52,0,0.0,0.0,0.0,0.0,0.0,False,,340.74,304.9,35.84000000000003,0,0,0,0,0,,
299,8.85361,80.74201,2026-09-05 08:13:00,2,NEW_ABNORMAL_EVENT,No historical thermal baseline for this cell and FRP is high (14.2).,,14.2,0,0.0,0.0,0.0,0.0,0.0,False,,341.82,302.32,39.5,0,0,0,0,0,,
512,20.86363,84.98669,2026-09-05 20:46:00,0,PERSISTENT_SOURCE,"Recurring cell: 13 historical detections across 8 active days (22% of the observed span), FRP in line with its own history.",,2.97,0,13.0,2.730769230769231,5.16,8.0,0.216,True,0.2015300474589485,316.71,288.39,28.319999999999997,1,0,0,0,0,,
169,8.20892,80.69186,2026-09-05 08:13:00,1,OTHER_ANOMALY,Weak / one-off detection: thin history (1 detections),,2.02,0,1.0,4.09,4.09,1.0,1.0,True,,336.14,302.3,33.839999999999975,0,0,0,0,0,,
760,9.21651,80.32494,2026-09-06 07:56:00,2,NEW_ABNORMAL_EVENT,No historical thermal baseline for this cell and FRP is high (8.5).,,8.53,1,0.0,0.0,0.0,0.0,0.0,False,,334.09,297.82,36.26999999999998,0,0,0,0,0,,
511,20.86291,84.98999,2026-09-05 20:46:00,0,PERSISTENT_SOURCE,"Recurring cell: 13 historical detections across 8 active days (22% of the observed span), FRP in line with its own history.",,1.56,0,13.0,2.730769230769231,5.16,8.0,0.216,True,-0.9862660200402557,332.66,288.66,44.0,1,0,0,0,0,,
1053,17.9126,83.45437,2026-09-07 07:39:00,1,OTHER_ANOMALY,"Weak / one-off detection: no baseline, low FIRMS confidence",,5.26,1,0.0,0.0,0.0,0.0,0.0,False,,330.09,298.6,31.489999999999952,0,0,0,0,0,,
762,9.37995,80.32283,2026-09-06 07:56:00,2,NEW_ABNORMAL_EVENT,No historical thermal baseline for this cell and FRP is high (8.4).,,8.4,0,0.0,0.0,0.0,0.0,0.0,False,,337.54,298.09,39.450000000000045,0,0,0,0,0,,
1060,20.86386,84.9901,2026-09-07 07:39:00,0,PERSISTENT_SOURCE,"Recurring cell: 13 historical detections across 8 active days (22% of the observed span), FRP in line with its own history.",,3.53,0,13.0,2.730769230769231,5.16,8.0,0.216,True,0.6732788402245895,341.59,299.56,42.02999999999997,0,0,0,0,0,,
167,8.17441,80.63096,2026-09-05 08:13:00,1,OTHER_ANOMALY,Weak / one-off detection: no baseline,,2.95,0,0.0,0.0,0.0,0.0,0.0,False,,333.18,302.61,30.569999999999997,0,0,0,0,0,,
767,11.73491,76.77407,2026-09-06 07:56:00,2,NEW_ABNORMAL_EVENT,No historical thermal baseline for this cell and FRP is high (6.4).,,6.41,0,0.0,0.0,0.0,0.0,0.0,False,,338.02,295.97,42.04999999999996,0,0,0,0,0,,
830,20.86333,84.99149,2026-09-06 20:27:00,0,PERSISTENT_SOURCE,"Recurring cell: 13 historical detections across 8 active days (22% of the observed span), FRP in line with its own history.",,2.32,0,13.0,2.730769230769231,5.16,8.0,0.216,True,-0.3460355155725997,316.18,291.13,25.05000000000001,1,0,0,0,0,,
166,8.17138,81.07531,2026-09-05 08:13:00,1,OTHER_ANOMALY,Weak / one-off detection: no baseline,,2.53,0,0.0,0.0,0.0,0.0,0.0,False,,337.03,302.89,34.139999999999986,0,0,0,0,0,,
725,8.50583,80.82543,2026-09-06 07:56:00,2,NEW_ABNORMAL_EVENT,No historical thermal baseline for this cell and FRP is high (15.7).,,15.74,1,0.0,0.0,0.0,0.0,0.0,False,,345.18,303.37,41.81,0,0,0,0,0,,
831,20.86426,84.9864,2026-09-06 20:27:00,0,PERSISTENT_SOURCE,"Recurring cell: 13 historical detections across 8 active days (22% of the observed span), FRP in line with its own history.",,2.23,0,13.0,2.730769230769231,5.16,8.0,0.216,True,-0.4218522858385062,318.65,290.68,27.96999999999997,1,0,0,0,0,,
1012,8.45209,80.22456,2026-09-07 07:35:00,1,OTHER_ANOMALY,Weak / one-off detection: no baseline,,2.13,0,0.0,0.0,0.0,0.0,0.0,False,,332.12,293.52,38.60000000000002,0,0,0,0,0,,
710,8.25819,80.25628,2026-09-06 07:56:00,2,NEW_ABNORMAL_EVENT,No historical thermal baseline for this cell and FRP is high (8.6).,,8.63,1,0.0,0.0,0.0,0.0,0.0,False,,337.49,299.47,38.01999999999998,0,0,0,0,0,,
953,32.28823,70.73848,2026-09-06 22:05:00,0,PERSISTENT_SOURCE,"Recurring cell: 13 historical detections across 12 active days (20% of the observed span), FRP in line with its own history.",,0.79,0,13.0,2.246923076923077,3.53,12.0,0.2,True,-1.5813811612598991,302.97,289.55,13.420000000000016,1,0,0,0,0,,
136,7.9979,80.38068,2026-09-05 08:13:00,1,OTHER_ANOMALY,Weak / one-off detection: thin history (1 detections),,6.15,0,1.0,6.58,6.58,1.0,1.0,True,,343.39,304.11,39.27999999999997,0,0,0,0,0,,
712,8.26842,80.14952,2026-09-06 07:56:00,2,NEW_ABNORMAL_EVENT,No historical thermal baseline for this cell and FRP is high (10.9).,,10.91,0,0.0,0.0,0.0,0.0,0.0,False,,346.01,297.91,48.099999999999966,0,0,0,0,0,,
605,23.78521,85.55125,2026-09-05 20:46:00,0,PERSISTENT_SOURCE,"Recurring cell: 12 historical detections across 10 active days (26% of the observed span), FRP in line with its own history.",,0.87,0,12.0,1.7916666666666667,5.5,10.0,0.256,True,-0.7205326680151866,307.79,282.31,25.480000000000015,1,0,0,0,0,,
137,7.99843,80.38423,2026-09-05 08:13:00,1,OTHER_ANOMALY,Weak / one-off detection: thin history (1 detections),,6.15,0,1.0,6.58,6.58,1.0,1.0,True,,336.68,301.43,35.25,0,0,0,0,0,,
755,8.92181,80.53501,2026-09-06 07:56:00,2,NEW_ABNORMAL_EVENT,No historical thermal baseline for this cell and FRP is high (7.2).,,7.21,1,0.0,0.0,0.0,0.0,0.0,False,,334.74,294.82,39.920000000000016,0,0,0,0,0,,
606,23.79019,85.55246,2026-09-05 20:46:00,0,PERSISTENT_SOURCE,"Recurring cell: 12 historical detections across 10 active days (26% of the observed span), FRP in line with its own history.",,0.87,0,12.0,1.7916666666666667,5.5,10.0,0.256,True,-0.7205326680151866,308.47,282.49,25.980000000000015,1,0,0,0,0,,
138,8.01719,81.42326,2026-09-05 08:13:00,1,OTHER_ANOMALY,Weak / one-off detection: no baseline,,5.04,0,0.0,0.0,0.0,0.0,0.0,False,,343.16,304.06,39.10000000000002,0,0,0,0,0,,
758,8.97766,80.79027,2026-09-06 07:56:00,2,NEW_ABNORMAL_EVENT,No historical thermal baseline for this cell and FRP is high (10.1).,,10.07,1,0.0,0.0,0.0,0.0,0.0,False,,330.64,299.52,31.120000000000005,0,0,0,0,0,,
574,22.78942,86.19597,2026-09-05 20:46:00,0,PERSISTENT_SOURCE,"Recurring cell: 13 historical detections across 8 active days (20% of the observed span), FRP in line with its own history.",,1.26,0,13.0,1.75,3.88,8.0,0.195,True,-0.3748786495554485,308.1,289.55,18.55000000000001,1,0,0,0,0,,
177,8.36862,80.22093,2026-09-05 08:13:00,1,OTHER_ANOMALY,Weak / one-off detection: thin history (1 detections),,3.3,0,1.0,3.25,3.25,1.0,1.0,True,,342.21,302.87,39.339999999999975,0,0,0,0,0,,
746,8.74934,80.53089,2026-09-06 07:56:00,2,NEW_ABNORMAL_EVENT,No historical thermal baseline for this cell and FRP is high (11.4).,,11.42,1,0.0,0.0,0.0,0.0,0.0,False,,339.58,301.56,38.01999999999998,0,0,0,0,0,,
573,22.78863,86.19949,2026-09-05 20:46:00,0,PERSISTENT_SOURCE,"Recurring cell: 13 historical detections across 8 active days (20% of the observed span), FRP in line with its own history.",,1.26,0,13.0,1.75,3.88,8.0,0.195,True,-0.3748786495554485,306.0,289.8,16.19999999999999,1,0,0,0,0,,
139,8.02176,81.43032,2026-09-05 08:13:00,1,OTHER_ANOMALY,Weak / one-off detection: no baseline,,2.79,0,0.0,0.0,0.0,0.0,0.0,False,,335.27,303.12,32.14999999999998,0,0,0,0,0,,
766,11.19149,79.82079,2026-09-06 07:56:00,2,NEW_ABNORMAL_EVENT,No historical thermal baseline for this cell and FRP is high (6.3).,,6.32,0,0.0,0.0,0.0,0.0,0.0,False,,338.01,293.68,44.329999999999984,0,0,0,0,0,,
572,22.78784,86.20303,2026-09-05 20:46:00,0,PERSISTENT_SOURCE,"Recurring cell: 13 historical detections across 8 active days (20% of the observed span), FRP in line with its own history.",,2.71,0,13.0,1.75,3.88,8.0,0.195,True,0.7344561297412867,309.19,289.34,19.850000000000023,1,0,0,0,0,,
175,8.36094,80.59453,2026-09-05 08:13:00,1,OTHER_ANOMALY,Weak / one-off detection: no baseline,,1.93,0,0.0,0.0,0.0,0.0,0.0,False,,333.82,299.3,34.51999999999998,0,0,0,0,0,,
771,15.08584,77.31924,2026-09-06 07:58:00,2,NEW_ABNORMAL_EVENT,No historical thermal baseline for this cell and FRP is high (7.0).,,7.01,0,0.0,0.0,0.0,0.0,0.0,False,,341.72,300.95,40.77000000000004,0,0,0,0,0,,
534,20.97081,86.01405,2026-09-05 20:46:00,0,PERSISTENT_SOURCE,"Recurring cell: 14 historical detections across 6 active days (12% of the observed span), FRP in line with its own history.",,2.55,0,14.0,2.7328571428571427,7.71,6.0,0.122,True,-0.0987281679615896,327.75,289.02,38.73000000000002,1,0,0,0,0,,
174,8.35447,80.55137,2026-09-05 08:13:00,1,OTHER_ANOMALY,Weak / one-off detection: no baseline,,3.72,0,0.0,0.0,0.0,0.0,0.0,False,,339.14,301.68,37.45999999999998,0,0,0,0,0,,
770,14.90104,77.50089,2026-09-06 07:58:00,2,NEW_ABNORMAL_EVENT,No historical thermal baseline for this cell and FRP is high (7.0).,,7.0,0,0.0,0.0,0.0,0.0,0.0,False,,342.54,298.4,44.14000000000004,0,0,0,0,0,,
528,20.96626,86.00883,2026-09-05 20:46:00,0,PERSISTENT_SOURCE,"Recurring cell: 14 historical detections across 6 active days (12% of the observed span), FRP in line with its own history.",,2.55,0,14.0,2.7328571428571427,7.71,6.0,0.122,True,-0.0987281679615896,319.76,288.78,30.980000000000015,1,0,0,0,0,,
173,8.35222,80.17999,2026-09-05 08:13:00,1,OTHER_ANOMALY,Weak / one-off detection: no baseline,,1.91,0,0.0,0.0,0.0,0.0,0.0,False,,330.97,300.46,30.510000000000048,0,0,0,0,0,,
769,14.76573,77.04627,2026-09-06 07:58:00,2,NEW_ABNORMAL_EVENT,No historical thermal baseline for this cell and FRP is high (5.7).,,5.72,0,0.0,0.0,0.0,0.0,0.0,False,,346.38,304.13,42.25,0,0,0,0,0,,
526,20.96543,86.01258,2026-09-05 20:46:00,0,PERSISTENT_SOURCE,"Recurring cell: 14 historical detections across 6 active days (12% of the observed span), FRP in line with its own history.",,2.55,0,14.0,2.7328571428571427,7.71,6.0,0.122,True,-0.0987281679615896,329.65,288.87,40.77999999999997,1,0,0,0,0,,
140,8.02232,81.4341,2026-09-05 08:13:00,1,OTHER_ANOMALY,Weak / one-off detection: no baseline,,2.79,0,0.0,0.0,0.0,0.0,0.0,False,,335.75,301.67,34.079999999999984,0,0,0,0,0,,
750,8.7964,80.58931,2026-09-06 07:56:00,2,NEW_ABNORMAL_EVENT,No historical thermal baseline for this cell and FRP is high (7.9).,,7.92,0,0.0,0.0,0.0,0.0,0.0,False,,345.2,298.48,46.71999999999997,0,0,0,0,0,,
1072,20.97402,86.00534,2026-09-07 07:39:00,0,PERSISTENT_SOURCE,"Recurring cell: 14 historical detections across 6 active days (12% of the observed span), FRP in line with its own history.",,4.11,0,14.0,2.7328571428571427,7.71,6.0,0.122,True,0.7435465149607227,335.32,300.01,35.31,0,0,0,0,0,,
1102,25.97929,93.56585,2026-09-07 07:39:00,1,OTHER_ANOMALY,Weak / one-off detection: no baseline,,3.67,0,0.0,0.0,0.0,0.0,0.0,False,,331.22,291.4,39.82000000000005,0,0,0,0,0,,
747,8.75005,80.53522,2026-09-06 07:56:00,2,NEW_ABNORMAL_EVENT,No historical thermal baseline for this cell and FRP is high (16.5).,,16.54,1,0.0,0.0,0.0,0.0,0.0,False,,338.42,300.56,37.860000000000014,0,0,0,0,0,,
838,20.97011,86.01249,2026-09-06 20:27:00,0,PERSISTENT_SOURCE,"Recurring cell: 14 historical detections across 6 active days (12% of the observed span), FRP in line with its own history.",,6.38,0,14.0,2.7328571428571427,7.71,6.0,0.122,True,1.9691641625463945,323.26,289.57,33.69,1,0,0,0,0,,
1110,36.97143,81.35034,2026-09-07 07:44:00,1,OTHER_ANOMALY,Weak / one-off detection: thin history (1 detections),,2.94,0,1.0,4.89,4.89,1.0,1.0,True,,339.76,308.74,31.019999999999985,0,0,0,0,0,,
748,8.75129,77.44485,2026-09-06 07:56:00,2,NEW_ABNORMAL_EVENT,No historical thermal baseline for this cell and FRP is high (6.9).,,6.9,0,0.0,0.0,0.0,0.0,0.0,False,,343.06,299.3,43.75999999999999,0,0,0,0,0,,
837,20.96609,86.0116,2026-09-06 20:27:00,0,PERSISTENT_SOURCE,"Recurring cell: 14 historical detections across 6 active days (12% of the observed span), FRP in line with its own history.",,3.82,0,14.0,2.7328571428571427,7.71,6.0,0.122,True,0.5869698110841387,326.24,290.33,35.910000000000025,1,0,0,0,0,,
1109,36.96814,81.35114,2026-09-07 07:44:00,1,OTHER_ANOMALY,Weak / one-off detection: thin history (1 detections),,2.94,0,1.0,4.89,4.89,1.0,1.0,True,,345.61,309.41,36.19999999999999,0,0,0,0,0,,
702,8.15541,80.45531,2026-09-06 07:56:00,2,NEW_ABNORMAL_EVENT,No historical thermal baseline for this cell and FRP is high (7.5).,,7.45,0,0.0,0.0,0.0,0.0,0.0,False,,335.29,299.82,35.47000000000003,0,0,0,0,0,,
1067,20.96852,86.01384,2026-09-07 07:39:00,0,PERSISTENT_SOURCE,"Recurring cell: 14 historical detections across 6 active days (12% of the observed span), FRP in line with its own history.",,5.93,0,14.0,2.7328571428571427,7.71,6.0,0.122,True,1.7262003117034197,335.31,301.63,33.68000000000001,0,0,0,0,0,,
1111,36.97208,81.35461,2026-09-07 07:44:00,1,OTHER_ANOMALY,"Weak / one-off detection: thin history (1 detections), low FIRMS confidence",,2.94,1,1.0,4.89,4.89,1.0,1.0,True,,339.6,311.13,28.470000000000027,0,0,0,0,0,,
696,8.01671,81.30602,2026-09-06 07:56:00,2,NEW_ABNORMAL_EVENT,No historical thermal baseline for this cell and FRP is high (9.0).,,9.02,1,0.0,0.0,0.0,0.0,0.0,False,,337.18,299.87,37.31,0,0,0,0,0,,
535,20.97165,86.01027,2026-09-05 20:46:00,0,PERSISTENT_SOURCE,"Recurring cell: 14 historical detections across 6 active days (12% of the observed span), FRP in line with its own history.",,2.55,0,14.0,2.7328571428571427,7.71,6.0,0.122,True,-0.0987281679615896,305.74,289.26,16.480000000000018,1,0,0,0,0,,
570,22.61234,85.91286,2026-09-05 20:46:00,1,OTHER_ANOMALY,"Weak / one-off detection: low FRP (0.6), thin history (3 detections)",,0.63,0,3.0,0.8433333333333333,1.21,3.0,0.079,True,-0.5922879960201206,304.85,288.86,15.990000000000007,1,0,0,0,0,,
270,8.6963,81.01871,2026-09-05 08:13:00,2,NEW_ABNORMAL_EVENT,No historical thermal baseline for this cell and FRP is high (14.6).,,14.61,0,0.0,0.0,0.0,0.0,0.0,False,,348.54,304.43,44.110000000000014,0,0,0,0,0,,
920,15.17153,76.69308,2026-09-06 20:29:00,0,PERSISTENT_SOURCE,"Recurring cell: 13 historical detections across 9 active days (17% of the observed span), FRP in line with its own history.",,0.75,0,13.0,1.576153846153846,3.3,9.0,0.17,True,-0.9271364713248256,299.81,277.78,22.03000000000003,1,0,0,0,0,,
585,23.65894,85.50828,2026-09-05 20:46:00,1,OTHER_ANOMALY,"Weak / one-off detection: low FRP (1.2), thin history (4 detections)",,1.23,0,4.0,1.065,1.28,4.0,0.174,True,0.8267241398116307,303.09,285.19,17.899999999999977,1,0,0,0,0,,
745,8.69938,80.40393,2026-09-06 07:56:00,2,NEW_ABNORMAL_EVENT,No historical thermal baseline for this cell and FRP is high (6.1).,,6.06,0,0.0,0.0,0.0,0.0,0.0,False,,335.76,298.17,37.589999999999975,0,0,0,0,0,,
478,15.17255,76.69141,2026-09-05 20:46:00,0,PERSISTENT_SOURCE,"Recurring cell: 13 historical detections across 9 active days (17% of the observed span), FRP in line with its own history.",,2.3,0,13.0,1.576153846153846,3.3,9.0,0.17,True,0.8123234818590885,319.54,292.3,27.24000000000001,1,0,0,0,0,,
584,23.65503,85.5074,2026-09-05 20:46:00,1,OTHER_ANOMALY,"Weak / one-off detection: low FRP (1.1), thin history (4 detections)",,1.06,0,4.0,1.065,1.28,4.0,0.174,True,-0.0250522466609579,307.41,283.93,23.480000000000015,1,0,0,0,0,,
372,14.21456,79.22671,2026-09-05 08:16:00,2,NEW_ABNORMAL_EVENT,No historical thermal baseline for this cell and FRP is high (9.3).,,9.3,0,0.0,0.0,0.0,0.0,0.0,False,,348.93,307.57,41.360000000000014,0,0,0,0,0,,
927,15.17741,76.65328,2026-09-06 20:29:00,0,PERSISTENT_SOURCE,"Recurring cell: 12 historical detections across 10 active days (17% of the observed span), FRP in line with its own history.",,0.66,0,12.0,2.0075,2.93,10.0,0.172,True,-2.543142228013992,303.36,278.85,24.50999999999999,1,0,0,0,0,,
581,23.5474,86.53539,2026-09-05 20:46:00,1,OTHER_ANOMALY,"Weak / one-off detection: low FRP (0.5), no baseline",,0.53,0,0.0,0.0,0.0,0.0,0.0,False,,301.35,280.35,21.0,1,0,0,0,0,,
368,13.88681,77.37984,2026-09-05 08:16:00,2,NEW_ABNORMAL_EVENT,No historical thermal baseline for this cell and FRP is high (8.4).,,8.42,0,0.0,0.0,0.0,0.0,0.0,False,,347.76,311.54,36.21999999999997,0,0,0,0,0,,
603,23.75568,85.85284,2026-09-05 20:46:00,0,PERSISTENT_SOURCE,"Recurring cell: 11 historical detections across 8 active days (23% of the observed span), FRP in line with its own history.",,0.97,0,11.0,2.3345454545454545,5.93,8.0,0.229,True,-0.8092604737230051,304.07,277.94,26.129999999999995,1,0,0,0,0,,
520,20.95634,85.01005,2026-09-05 20:46:00,1,OTHER_ANOMALY,"Weak / one-off detection: low FRP (1.6), thin history (1 detections)",,1.61,0,1.0,1.52,1.52,1.0,1.0,True,,303.16,288.16,15.0,1,0,0,0,0,,
369,13.98457,78.95074,2026-09-05 08:16:00,2,NEW_ABNORMAL_EVENT,No historical thermal baseline for this cell and FRP is high (7.0).,,7.01,0,0.0,0.0,0.0,0.0,0.0,False,,345.01,307.45,37.56,0,0,0,0,0,,
908,24.2027,82.70829,2026-09-06 20:27:00,0,PERSISTENT_SOURCE,"Recurring cell: 5 historical detections across 4 active days (57% of the observed span), FRP in line with its own history.",,0.53,0,5.0,2.656,5.51,4.0,0.571,True,-1.1946686204620158,300.61,277.12,23.49000000000001,1,1,1,1,0,234.5,730.0
519,20.95564,85.01325,2026-09-05 20:46:00,1,OTHER_ANOMALY,"Weak / one-off detection: low FRP (1.3), thin history (1 detections)",,1.33,0,1.0,1.52,1.52,1.0,1.0,True,,305.69,288.22,17.46999999999997,1,0,0,0,0,,
388,15.08564,77.31834,2026-09-05 08:16:00,2,NEW_ABNORMAL_EVENT,No historical thermal baseline for this cell and FRP is high (7.6).,,7.62,0,0.0,0.0,0.0,0.0,0.0,False,,337.72,303.89,33.83000000000004,0,0,0,0,0,,
903,23.16709,82.34083,2026-09-06 20:27:00,0,PERSISTENT_SOURCE,"Recurring cell: 10 historical detections across 7 active days (24% of the observed span), FRP in line with its own history.",,1.89,0,10.0,1.341,3.73,7.0,0.241,True,0.6013797233905672,325.76,291.77,33.99000000000001,1,0,0,0,0,,
529,20.96627,85.18915,2026-09-05 20:46:00,1,OTHER_ANOMALY,"Weak / one-off detection: low FRP (1.7), thin history (3 detections)",,1.67,0,3.0,1.64,2.37,3.0,0.143,True,0.0373630584758414,309.58,288.0,21.579999999999984,1,0,0,0,0,,
261,8.67071,80.84486,2026-09-05 08:13:00,2,NEW_ABNORMAL_EVENT,No historical thermal baseline for this cell and FRP is high (22.9).,,22.92,0,0.0,0.0,0.0,0.0,0.0,False,,344.37,309.23,35.139999999999986,0,0,0,0,0,,
902,23.16645,82.34466,2026-09-06 20:27:00,0,PERSISTENT_SOURCE,"Recurring cell: 10 historical detections across 7 active days (24% of the observed span), FRP in line with its own history.",,1.89,0,10.0,1.341,3.73,7.0,0.241,True,0.6013797233905672,316.47,290.81,25.660000000000025,1,0,0,0,0,,
527,20.96611,85.16463,2026-09-05 20:46:00,1,OTHER_ANOMALY,Weak / one-off detection: thin history (3 detections),,1.93,0,3.0,1.893333333333333,3.57,3.0,0.375,True,0.0252445678712879,307.29,287.47,19.819999999999997,1,0,0,0,0,,
318,8.99586,80.6644,2026-09-05 08:13:00,2,NEW_ABNORMAL_EVENT,No historical thermal baseline for this cell and FRP is high (10.7).,,10.73,0,0.0,0.0,0.0,0.0,0.0,False,,339.29,297.92,41.370000000000005,0,0,0,0,0,,
942,18.69176,73.03945,2026-09-06 20:29:00,0,PERSISTENT_SOURCE,"Recurring cell: 10 historical detections across 5 active days (23% of the observed span), FRP in line with its own history.",,1.97,0,10.0,3.393,8.31,5.0,0.227,True,-0.6805660600586869,305.78,290.01,15.769999999999982,1,0,0,0,0,,
541,20.97829,85.13296,2026-09-05 20:46:00,1,OTHER_ANOMALY,Weak / one-off detection: thin history (4 detections),,2.12,0,4.0,1.9025,2.63,4.0,0.16,True,0.411164873503191,306.72,288.96,17.760000000000048,1,0,0,0,0,,
315,8.95918,80.58051,2026-09-05 08:13:00,2,NEW_ABNORMAL_EVENT,No historical thermal baseline for this cell and FRP is high (20.8).,,20.83,0,0.0,0.0,0.0,0.0,0.0,False,,345.88,304.91,40.96999999999997,0,1,0,0,1,,
476,15.16894,76.67054,2026-09-05 20:46:00,0,PERSISTENT_SOURCE,"Recurring cell: 11 historical detections across 8 active days (15% of the observed span), FRP in line with its own history.",,0.73,0,11.0,0.9936363636363637,1.71,8.0,0.151,True,-0.5684069929041503,306.65,292.39,14.259999999999993,1,0,0,0,0,,
187,8.42385,80.38354,2026-09-05 08:13:00,1,OTHER_ANOMALY,Weak / one-off detection: no baseline,,2.61,0,0.0,0.0,0.0,0.0,0.0,False,,336.19,298.5,37.69,0,0,0,0,0,,
313,8.94355,80.78143,2026-09-05 08:13:00,2,NEW_ABNORMAL_EVENT,No historical thermal baseline for this cell and FRP is high (6.3).,,6.32,0,0.0,0.0,0.0,0.0,0.0,False,,354.27,304.16,50.10999999999996,0,0,0,0,0,,
474,15.16829,76.67445,2026-09-05 20:46:00,0,PERSISTENT_SOURCE,"Recurring cell: 11 historical detections across 8 active days (15% of the observed span), FRP in line with its own history.",,0.73,0,11.0,0.9936363636363637,1.71,8.0,0.151,True,-0.5684069929041503,305.39,292.09,13.300000000000011,1,0,0,0,0,,
186,8.4034,80.43046,2026-09-05 08:13:00,1,OTHER_ANOMALY,Weak / one-off detection: no baseline,,3.92,0,0.0,0.0,0.0,0.0,0.0,False,,335.43,301.29,34.139999999999986,0,0,0,0,0,,
707,8.23612,80.1665,2026-09-06 07:56:00,2,NEW_ABNORMAL_EVENT,No historical thermal baseline for this cell and FRP is high (6.0).,,6.0,1,0.0,0.0,0.0,0.0,0.0,False,,338.29,299.55,38.74000000000001,0,0,0,0,0,,
631,21.10341,72.63448,2026-09-05 20:49:00,0,PERSISTENT_SOURCE,"Recurring cell: 11 historical detections across 8 active days (14% of the observed span), FRP in line with its own history.",,5.41,0,11.0,2.98,10.43,8.0,0.136,True,0.7977768504296903,327.06,292.52,34.54000000000002,1,0,0,0,0,,
185,8.4001,80.62553,2026-09-05 08:13:00,1,OTHER_ANOMALY,Weak / one-off detection: thin history (1 detections),,3.19,0,1.0,8.98,8.98,1.0,1.0,True,,333.85,302.28,31.57000000000005,0,0,0,0,0,,
765,9.78295,77.51691,2026-09-06 07:56:00,2,NEW_ABNORMAL_EVENT,No historical thermal baseline for this cell and FRP is high (10.0).,,10.03,0,0.0,0.0,0.0,0.0,0.0,False,,340.9,289.11,51.78999999999997,0,0,0,0,0,,
466,32.08572,74.16138,2026-09-05 20:44:00,0,PERSISTENT_SOURCE,"Recurring cell: 6 historical detections across 5 active days (42% of the observed span), FRP in line with its own history.",,1.04,0,6.0,1.4216666666666666,2.73,5.0,0.417,True,-0.4568265492373693,308.97,293.28,15.690000000000056,1,0,0,0,0,,
149,8.05838,80.6455,2026-09-05 08:13:00,1,OTHER_ANOMALY,Weak / one-off detection: no baseline,,2.0,0,0.0,0.0,0.0,0.0,0.0,False,,332.93,297.02,35.910000000000025,0,0,0,0,0,,
699,8.08336,80.1761,2026-09-06 07:56:00,2,NEW_ABNORMAL_EVENT,No historical thermal baseline for this cell and FRP is high (8.8).,,8.84,0,0.0,0.0,0.0,0.0,0.0,False,,336.55,298.36,38.19,0,0,0,0,0,,
454,23.61425,86.7878,2026-09-05 19:06:00,0,PERSISTENT_SOURCE,"Recurring cell: 9 historical detections across 7 active days (20% of the observed span), FRP in line with its own history.",,1.33,0,9.0,1.7433333333333332,3.56,7.0,0.2,True,-0.3965067568773895,303.11,285.37,17.74000000000001,1,0,0,0,0,,
183,8.39956,81.06335,2026-09-05 08:13:00,1,OTHER_ANOMALY,Weak / one-off detection: thin history (2 detections),,4.22,0,2.0,6.705,8.74,1.0,1.0,True,-0.8634694600730077,337.71,305.24,32.46999999999997,0,0,0,0,0,,
698,8.03835,80.35418,2026-09-06 07:56:00,2,NEW_ABNORMAL_EVENT,No historical thermal baseline for this cell and FRP is high (7.6).,,7.63,0,0.0,0.0,0.0,0.0,0.0,False,,341.72,296.93,44.79000000000002,0,0,0,0,0,,
505,17.95661,80.79498,2026-09-05 20:46:00,0,PERSISTENT_SOURCE,"Recurring cell: 9 historical detections across 6 active days (19% of the observed span), FRP in line with its own history.",,1.26,0,9.0,2.376666666666667,6.47,6.0,0.188,True,-0.5816583670965421,302.11,285.82,16.29000000000002,1,0,0,0,0,,
195,8.44974,80.17898,2026-09-05 08:13:00,1,OTHER_ANOMALY,Weak / one-off detection: no baseline,,4.47,0,0.0,0.0,0.0,0.0,0.0,False,,334.5,303.2,31.30000000000001,0,0,0,0,0,,
376,14.57245,79.93675,2026-09-05 08:16:00,2,NEW_ABNORMAL_EVENT,No historical thermal baseline for this cell and FRP is high (12.9).,,12.86,0,0.0,0.0,0.0,0.0,0.0,False,,342.49,302.56,39.93000000000001,0,0,0,0,0,,
811,17.95553,80.79343,2026-09-06 20:27:00,0,PERSISTENT_SOURCE,"Recurring cell: 9 historical detections across 6 active days (19% of the observed span), FRP in line with its own history.",,1.46,0,9.0,2.376666666666667,6.47,6.0,0.188,True,-0.4774807491091017,308.84,285.86,22.97999999999996,1,0,0,0,0,,
193,8.44271,81.0949,2026-09-05 08:13:00,1,OTHER_ANOMALY,Weak / one-off detection: no baseline,,3.43,0,0.0,0.0,0.0,0.0,0.0,False,,337.25,301.34,35.910000000000025,0,0,0,0,0,,
377,14.57326,79.93592,2026-09-05 08:16:00,2,NEW_ABNORMAL_EVENT,No historical thermal baseline for this cell and FRP is high (6.6).,,6.63,0,0.0,0.0,0.0,0.0,0.0,False,,332.81,299.7,33.110000000000014,0,0,0,0,0,,
813,17.95887,80.79402,2026-09-06 20:27:00,0,PERSISTENT_SOURCE,"Recurring cell: 9 historical detections across 6 active days (19% of the observed span), FRP in line with its own history.",,0.76,0,9.0,2.376666666666667,6.47,6.0,0.188,True,-0.8421024120651429,304.76,284.02,20.74000000000001,1,0,0,0,0,,
191,8.42995,80.56219,2026-09-05 08:13:00,1,OTHER_ANOMALY,Weak / one-off detection: no baseline,,2.51,0,0.0,0.0,0.0,0.0,0.0,False,,336.8,301.89,34.910000000000025,0,0,0,0,0,,
378,14.57383,79.93979,2026-09-05 08:16:00,2,NEW_ABNORMAL_EVENT,No historical thermal baseline for this cell and FRP is high (6.6).,,6.63,0,0.0,0.0,0.0,0.0,0.0,False,,334.23,299.73,34.5,0,0,0,0,0,,
812,17.95826,80.7977,2026-09-06 20:27:00,0,PERSISTENT_SOURCE,"Recurring cell: 7 historical detections across 7 active days (30% of the observed span), FRP in line with its own history.",,0.6,0,7.0,2.878571428571429,5.73,7.0,0.304,True,-1.5950789583627067,304.07,284.37,19.69999999999999,1,0,0,0,0,,
1103,30.68413,73.86338,2026-09-07 07:44:00,1,OTHER_ANOMALY,Weak / one-off detection: no baseline,,5.51,0,0.0,0.0,0.0,0.0,0.0,False,,333.71,295.36,38.349999999999966,0,0,0,0,0,,
382,14.68695,79.73852,2026-09-05 08:16:00,2,NEW_ABNORMAL_EVENT,No historical thermal baseline for this cell and FRP is high (6.0).,,6.04,0,0.0,0.0,0.0,0.0,0.0,False,,349.33,309.32,40.00999999999999,0,0,0,0,0,,
889,21.91899,83.3492,2026-09-06 20:27:00,0,PERSISTENT_SOURCE,"Recurring cell: 10 historical detections across 5 active days (12% of the observed span), FRP in line with its own history.",,0.4,0,10.0,2.214,3.45,5.0,0.122,True,-2.76274267442366,299.83,280.98,18.84999999999997,1,1,1,1,0,804.4,1012.8
1064,20.88985,84.98161,2026-09-07 07:39:00,1,OTHER_ANOMALY,Weak / one-off detection: thin history (3 detections),,3.52,0,3.0,2.03,3.33,3.0,0.05,True,1.3118718504251796,330.49,297.96,32.53000000000003,0,0,0,0,0,,
287,8.80806,80.99785,2026-09-05 08:13:00,2,NEW_ABNORMAL_EVENT,No historical thermal baseline for this cell and FRP is high (9.3).,,9.27,0,0.0,0.0,0.0,0.0,0.0,False,,340.45,303.68,36.76999999999998,0,0,0,0,0,,
890,21.92246,83.34988,2026-09-06 20:27:00,0,PERSISTENT_SOURCE,"Recurring cell: 10 historical detections across 5 active days (12% of the observed span), FRP in line with its own history.",,0.49,0,10.0,2.214,3.45,5.0,0.122,True,-2.625671648680479,303.61,283.9,19.71000000000004,1,1,1,1,0,804.4,1012.8
162,8.12604,80.81579,2026-09-05 08:13:00,1,OTHER_ANOMALY,Weak / one-off detection: no baseline,,4.16,0,0.0,0.0,0.0,0.0,0.0,False,,337.75,300.59,37.160000000000025,0,0,0,0,0,,
288,8.8086,81.00157,2026-09-05 08:13:00,2,NEW_ABNORMAL_EVENT,No historical thermal baseline for this cell and FRP is high (9.3).,,9.27,2,0.0,0.0,0.0,0.0,0.0,False,,367.0,306.04,60.95999999999998,0,0,0,0,0,,
455,23.6648,87.15537,2026-09-05 19:06:00,0,PERSISTENT_SOURCE,"Recurring cell: 9 historical detections across 7 active days (17% of the observed span), FRP in line with its own history.",,1.48,0,9.0,1.6822222222222225,4.59,7.0,0.171,True,-0.1343492965718177,306.2,285.59,20.610000000000014,1,0,0,0,0,,
156,8.11574,80.15222,2026-09-05 08:13:00,1,OTHER_ANOMALY,Weak / one-off detection: no baseline,,4.77,0,0.0,0.0,0.0,0.0,0.0,False,,338.84,301.11,37.72999999999996,0,0,0,0,0,,
373,14.2971,79.05283,2026-09-05 08:16:00,2,NEW_ABNORMAL_EVENT,No historical thermal baseline for this cell and FRP is high (9.4).,,9.37,0,0.0,0.0,0.0,0.0,0.0,False,,351.03,305.22,45.809999999999945,0,0,0,0,0,,
586,23.66264,87.15807,2026-09-05 20:46:00,0,PERSISTENT_SOURCE,"Recurring cell: 9 historical detections across 7 active days (17% of the observed span), FRP in line with its own history.",,2.21,0,9.0,1.6822222222222225,4.59,7.0,0.171,True,0.3506369003934802,305.04,280.27,24.77000000000004,1,0,0,0,0,,
155,8.10234,81.10136,2026-09-05 08:13:00,1,OTHER_ANOMALY,"Weak / one-off detection: no baseline, low FIRMS confidence",,2.29,1,0.0,0.0,0.0,0.0,0.0,False,,332.41,303.58,28.83000000000004,0,0,0,0,0,,
697,8.02274,80.63313,2026-09-06 07:56:00,2,NEW_ABNORMAL_EVENT,No historical thermal baseline for this cell and FRP is high (11.5).,,11.54,1,0.0,0.0,0.0,0.0,0.0,False,,340.91,300.64,40.27000000000004,0,0,0,0,0,,
629,20.90938,71.45822,2026-09-05 20:49:00,0,PERSISTENT_SOURCE,"Recurring cell: 9 historical detections across 8 active days (16% of the observed span), FRP in line with its own history.",,1.45,0,9.0,1.4577777777777776,2.89,8.0,0.163,True,-0.0100753873667175,311.03,293.48,17.549999999999955,1,0,0,0,0,,
153,8.08893,81.36685,2026-09-05 08:13:00,1,OTHER_ANOMALY,Weak / one-off detection: no baseline,,5.64,0,0.0,0.0,0.0,0.0,0.0,False,,339.77,298.07,41.69999999999999,0,0,0,0,0,,
229,8.56221,80.65617,2026-09-05 08:13:00,2,NEW_ABNORMAL_EVENT,No historical thermal baseline for this cell and FRP is high (6.8).,,6.85,0,0.0,0.0,0.0,0.0,0.0,False,,333.48,300.93,32.55000000000001,0,0,0,0,0,,
418,20.96047,85.18738,2026-09-05 08:18:00,0,PERSISTENT_SOURCE,"Recurring cell: 9 historical detections across 6 active days (16% of the observed span), FRP in line with its own history.",,3.52,0,9.0,2.0677777777777777,8.4,6.0,0.162,True,0.5988446242304213,333.23,295.0,38.23000000000002,0,0,0,0,0,,
151,8.08628,81.38984,2026-09-05 08:13:00,1,OTHER_ANOMALY,Weak / one-off detection: no baseline,,3.25,0,0.0,0.0,0.0,0.0,0.0,False,,337.45,301.1,36.349999999999966,0,0,0,0,0,,
238,8.6058,80.83237,2026-09-05 08:13:00,2,NEW_ABNORMAL_EVENT,No historical thermal baseline for this cell and FRP is high (7.6).,,7.64,0,0.0,0.0,0.0,0.0,0.0,False,,342.45,303.81,38.63999999999999,0,0,0,0,0,,
1065,20.96211,85.18645,2026-09-07 07:39:00,0,PERSISTENT_SOURCE,"Recurring cell: 9 historical detections across 6 active days (16% of the observed span), FRP in line with its own history.",,5.82,0,9.0,2.0677777777777777,8.4,6.0,0.162,True,1.547282552430094,330.4,296.72,33.67999999999995,0,0,0,0,0,,
150,8.05978,79.87353,2026-09-05 08:13:00,1,OTHER_ANOMALY,Weak / one-off detection: no baseline,,4.55,0,0.0,0.0,0.0,0.0,0.0,False,,343.64,300.6,43.03999999999997,0,0,0,0,0,,
341,10.71104,79.432,2026-09-05 08:16:00,2,NEW_ABNORMAL_EVENT,No historical thermal baseline for this cell and FRP is high (6.8).,,6.82,0,0.0,0.0,0.0,0.0,0.0,False,,341.49,306.21,35.28000000000003,0,0,0,0,0,,
522,20.96112,85.18789,2026-09-05 20:46:00,0,PERSISTENT_SOURCE,"Recurring cell: 9 historical detections across 6 active days (16% of the observed span), FRP in line with its own history.",,1.67,0,9.0,2.0677777777777777,8.4,6.0,0.162,True,-0.1640293614954023,314.48,287.6,26.879999999999995,1,0,0,0,0,,
184,8.40004,80.43096,2026-09-05 08:13:00,1,OTHER_ANOMALY,Weak / one-off detection: no baseline,,3.92,0,0.0,0.0,0.0,0.0,0.0,False,,341.79,304.88,36.910000000000025,0,0,0,0,0,,
342,10.79202,79.03259,2026-09-05 08:16:00,2,NEW_ABNORMAL_EVENT,No historical thermal baseline for this cell and FRP is high (10.4).,,10.43,0,0.0,0.0,0.0,0.0,0.0,False,,340.12,304.36,35.75999999999999,0,0,0,0,0,,
950,10.61761,77.42153,2026-09-06 20:32:00,0,PERSISTENT_SOURCE,"Recurring cell: 9 historical detections across 8 active days (16% of the observed span), FRP in line with its own history.",,0.67,0,9.0,0.5588888888888888,0.78,8.0,0.157,True,0.5448580048393126,304.96,292.05,12.909999999999968,1,0,0,0,0,,
256,8.65376,80.87405,2026-09-05 08:13:00,1,OTHER_ANOMALY,Weak / one-off detection: no baseline,,4.64,0,0.0,0.0,0.0,0.0,0.0,False,,337.87,302.59,35.28000000000003,0,0,0,0,0,,
277,8.74935,80.53083,2026-09-05 08:13:00,2,NEW_ABNORMAL_EVENT,No historical thermal baseline for this cell and FRP is high (7.9).,,7.94,0,0.0,0.0,0.0,0.0,0.0,False,,352.09,302.01,50.079999999999984,0,0,0,0,0,,
819,19.10248,82.16832,2026-09-06 20:27:00,0,PERSISTENT_SOURCE,"Recurring cell: 10 historical detections across 5 active days (8% of the observed span), FRP in line with its own history.",,1.76,0,10.0,1.6350000000000002,2.41,5.0,0.085,True,0.2425647979820195,312.58,291.66,20.91999999999996,1,1,1,0,0,49.6,
254,8.65036,80.87457,2026-09-05 08:13:00,1,OTHER_ANOMALY,Weak / one-off detection: no baseline,,4.64,0,0.0,0.0,0.0,0.0,0.0,False,,337.34,302.33,35.00999999999999,0,0,0,0,0,,
286,8.79784,80.39472,2026-09-05 08:13:00,2,NEW_ABNORMAL_EVENT,No historical thermal baseline for this cell and FRP is high (6.2).,,6.19,0,0.0,0.0,0.0,0.0,0.0,False,,338.65,303.53,35.120000000000005,0,0,0,0,0,,
627,19.10373,82.16882,2026-09-05 20:49:00,0,PERSISTENT_SOURCE,"Recurring cell: 10 historical detections across 5 active days (8% of the observed span), FRP in line with its own history.",,1.32,0,10.0,1.6350000000000002,2.41,5.0,0.085,True,-0.6112632909146906,307.37,289.24,18.129999999999995,1,1,1,0,0,49.6,
253,8.64641,80.33406,2026-09-05 08:13:00,1,OTHER_ANOMALY,Weak / one-off detection: no baseline,,3.67,0,0.0,0.0,0.0,0.0,0.0,False,,337.54,304.27,33.27000000000004,0,0,0,0,0,,
262,8.67411,80.84435,2026-09-05 08:13:00,2,NEW_ABNORMAL_EVENT,No historical thermal baseline for this cell and FRP is high (22.9).,,22.92,0,0.0,0.0,0.0,0.0,0.0,False,,337.37,301.73,35.639999999999986,0,0,0,0,0,,
577,22.80193,86.09046,2026-09-05 20:46:00,0,PERSISTENT_SOURCE,"Recurring cell: 7 historical detections across 6 active days (26% of the observed span), FRP in line with its own history.",,2.09,0,7.0,1.7285714285714284,2.5,6.0,0.261,True,0.7624425757515654,314.38,289.31,25.069999999999997,1,0,0,0,0,,
204,8.47468,80.49299,2026-09-05 08:13:00,1,OTHER_ANOMALY,"Weak / one-off detection: low FRP (1.6), no baseline",,1.59,0,0.0,0.0,0.0,0.0,0.0,False,,331.38,297.98,33.39999999999998,0,0,0,0,0,,
264,8.68765,80.35707,2026-09-05 08:13:00,2,NEW_ABNORMAL_EVENT,No historical thermal baseline for this cell and FRP is high (14.6).,,14.63,0,0.0,0.0,0.0,0.0,0.0,False,,352.26,306.49,45.76999999999998,0,0,0,0,0,,
832,20.86714,84.99224,2026-09-06 20:27:00,0,PERSISTENT_SOURCE,"Recurring cell: 9 historical detections across 4 active days (11% of the observed span), FRP in line with its own history.",,2.81,0,9.0,2.6222222222222222,3.63,4.0,0.108,True,0.4329971864124201,309.09,291.07,18.019999999999985,1,0,0,0,0,,
203,8.47329,80.8303,2026-09-05 08:13:00,1,OTHER_ANOMALY,Weak / one-off detection: thin history (1 detections),,6.05,0,1.0,9.47,9.47,1.0,1.0,True,,340.45,303.19,37.25999999999999,0,0,0,0,0,,
309,8.94015,80.78194,2026-09-05 08:13:00,2,NEW_ABNORMAL_EVENT,No historical thermal baseline for this cell and FRP is high (6.3).,,6.32,0,0.0,0.0,0.0,0.0,0.0,False,,338.48,303.37,35.110000000000014,0,0,0,0,0,,
514,20.86803,84.99112,2026-09-05 20:46:00,0,PERSISTENT_SOURCE,"Recurring cell: 9 historical detections across 4 active days (11% of the observed span), FRP in line with its own history.",,1.56,0,9.0,2.6222222222222222,3.63,4.0,0.108,True,-2.449380533788601,305.14,288.57,16.569999999999993,1,0,0,0,0,,
202,8.47204,80.65918,2026-09-05 08:13:00,1,OTHER_ANOMALY,Weak / one-off detection: no baseline,,3.54,0,0.0,0.0,0.0,0.0,0.0,False,,335.56,300.54,35.01999999999998,0,0,0,0,0,,
310,8.943,80.77776,2026-09-05 08:13:00,2,NEW_ABNORMAL_EVENT,No historical thermal baseline for this cell and FRP is high (5.8).,,5.79,0,0.0,0.0,0.0,0.0,0.0,False,,341.99,304.13,37.860000000000014,0,0,0,0,0,,
513,20.8673,84.99452,2026-09-05 20:46:00,0,PERSISTENT_SOURCE,"Recurring cell: 9 historical detections across 4 active days (11% of the observed span), FRP in line with its own history.",,1.56,0,9.0,2.6222222222222222,3.63,4.0,0.108,True,-2.449380533788601,308.75,288.98,19.769999999999985,1,0,0,0,0,,
201,8.47132,80.49349,2026-09-05 08:13:00,1,OTHER_ANOMALY,"Weak / one-off detection: low FRP (1.6), no baseline",,1.59,0,0.0,0.0,0.0,0.0,0.0,False,,330.69,299.93,30.75999999999999,0,0,0,0,0,,
240,8.60958,80.975,2026-09-05 08:13:00,2,NEW_ABNORMAL_EVENT,No historical thermal baseline for this cell and FRP is high (5.7).,,5.7,0,0.0,0.0,0.0,0.0,0.0,False,,336.34,301.49,34.849999999999966,0,0,0,0,0,,
538,20.97565,85.17059,2026-09-05 20:46:00,0,PERSISTENT_SOURCE,"Recurring cell: 7 historical detections across 4 active days (22% of the observed span), FRP in line with its own history.",,1.44,0,7.0,1.6614285714285713,3.04,4.0,0.222,True,-0.2766457800856693,311.04,287.42,23.620000000000005,1,0,0,0,0,,
197,8.46284,80.50578,2026-09-05 08:13:00,1,OTHER_ANOMALY,"Weak / one-off detection: no baseline, low FIRMS confidence",,3.0,1,0.0,0.0,0.0,0.0,0.0,False,,333.56,303.84,29.720000000000027,0,0,0,0,0,,
242,8.6112,80.48957,2026-09-05 08:13:00,2,NEW_ABNORMAL_EVENT,No historical thermal baseline for this cell and FRP is high (14.4).,,14.4,0,0.0,0.0,0.0,0.0,0.0,False,,343.23,301.13,42.10000000000002,0,0,0,0,0,,
539,20.97636,85.1673,2026-09-05 20:46:00,0,PERSISTENT_SOURCE,"Recurring cell: 7 historical detections across 4 active days (22% of the observed span), FRP in line with its own history.",,1.86,0,7.0,1.6614285714285713,3.04,4.0,0.222,True,0.2480887963348911,307.05,287.84,19.21000000000004,1,0,0,0,0,,
212,8.49118,80.76411,2026-09-05 08:13:00,1,OTHER_ANOMALY,"Weak / one-off detection: no baseline, low FIRMS confidence",,5.13,1,0.0,0.0,0.0,0.0,0.0,False,,334.93,305.63,29.30000000000001,0,0,0,0,0,,
1009,8.3895,80.2097,2026-09-07 07:35:00,2,NEW_ABNORMAL_EVENT,No historical thermal baseline for this cell and FRP is high (9.3).,,9.34,2,0.0,0.0,0.0,0.0,0.0,False,,367.0,295.34,71.66000000000003,0,0,0,0,0,,
807,33.68644,72.71115,2026-09-06 20:25:00,0,PERSISTENT_SOURCE,"Recurring cell: 8 historical detections across 8 active days (13% of the observed span), FRP in line with its own history.",,0.76,0,8.0,1.9275,3.42,8.0,0.133,True,-1.0912270244236466,307.02,292.78,14.240000000000007,1,0,0,0,0,,
211,8.48918,80.82043,2026-09-05 08:13:00,1,OTHER_ANOMALY,Weak / one-off detection: thin history (1 detections),,6.89,0,1.0,11.16,11.16,1.0,1.0,True,,342.09,301.21,40.88,0,0,0,0,0,,
730,8.51488,80.78951,2026-09-06 07:56:00,2,NEW_ABNORMAL_EVENT,No historical thermal baseline for this cell and FRP is high (7.5).,,7.49,1,0.0,0.0,0.0,0.0,0.0,False,,340.7,299.95,40.75,0,0,0,0,0,,
524,20.9647,85.1712,2026-09-05 20:46:00,0,PERSISTENT_SOURCE,"Recurring cell: 8 historical detections across 6 active days (13% of the observed span), FRP in line with its own history.",,2.04,0,8.0,2.86375,7.94,6.0,0.128,True,-0.361535431435321,303.06,285.55,17.50999999999999,1,0,0,0,0,,
210,8.48482,80.79119,2026-09-05 08:13:00,1,OTHER_ANOMALY,Weak / one-off detection: no baseline,,4.38,0,0.0,0.0,0.0,0.0,0.0,False,,339.67,303.73,35.94,0,0,0,0,0,,
290,8.81148,80.57696,2026-09-05 08:13:00,2,NEW_ABNORMAL_EVENT,No historical thermal baseline for this cell and FRP is high (6.1).,,6.13,0,0.0,0.0,0.0,0.0,0.0,False,,336.95,302.34,34.610000000000014,0,0,0,0,0,,
419,20.9636,85.16774,2026-09-05 08:18:00,0,PERSISTENT_SOURCE,"Recurring cell: 8 historical detections across 6 active days (13% of the observed span), FRP in line with its own history.",,6.38,0,8.0,2.86375,7.94,6.0,0.128,True,1.5432460828946253,331.63,295.36,36.26999999999998,0,0,0,0,0,,
209,8.48063,80.83294,2026-09-05 08:13:00,1,OTHER_ANOMALY,Weak / one-off detection: thin history (2 detections),,3.04,0,2.0,8.105,9.47,1.0,1.0,True,-2.6238064811061266,337.24,302.32,34.920000000000016,0,0,0,0,0,,
291,8.81203,81.00107,2026-09-05 08:13:00,2,NEW_ABNORMAL_EVENT,No historical thermal baseline for this cell and FRP is high (9.3).,,9.27,0,0.0,0.0,0.0,0.0,0.0,False,,350.11,302.67,47.44,0,0,0,0,0,,
580,22.87465,86.06137,2026-09-05 20:46:00,0,PERSISTENT_SOURCE,"Recurring cell: 6 historical detections across 6 active days (24% of the observed span), FRP in line with its own history.",,0.9,0,6.0,1.695,2.83,6.0,0.24,True,-1.2578389644505965,308.9,288.82,20.079999999999984,1,0,0,0,0,,
1108,36.9642,81.34764,2026-09-07 07:44:00,1,OTHER_ANOMALY,Weak / one-off detection: no baseline,,3.38,0,0.0,0.0,0.0,0.0,0.0,False,,341.74,308.38,33.360000000000014,0,0,0,0,0,,
738,8.63712,80.64507,2026-09-06 07:56:00,2,NEW_ABNORMAL_EVENT,No historical thermal baseline for this cell and FRP is high (5.9).,,5.86,1,0.0,0.0,0.0,0.0,0.0,False,,330.48,300.83,29.650000000000038,0,0,0,0,0,,
579,22.87387,86.06493,2026-09-05 20:46:00,0,PERSISTENT_SOURCE,"Recurring cell: 6 historical detections across 6 active days (24% of the observed span), FRP in line with its own history.",,0.9,0,6.0,1.695,2.83,6.0,0.24,True,-1.2578389644505965,304.88,288.81,16.069999999999993,1,0,0,0,0,,
207,8.47913,80.79951,2026-09-05 08:13:00,1,OTHER_ANOMALY,Weak / one-off detection: no baseline,,3.7,0,0.0,0.0,0.0,0.0,0.0,False,,338.11,302.95,35.160000000000025,0,0,0,0,0,,
723,8.48561,80.74661,2026-09-06 07:56:00,2,NEW_ABNORMAL_EVENT,No historical thermal baseline for this cell and FRP is high (6.7).,,6.65,1,0.0,0.0,0.0,0.0,0.0,False,,333.16,302.15,31.010000000000048,0,0,0,0,0,,
578,22.87299,86.06194,2026-09-05 20:46:00,0,PERSISTENT_SOURCE,"Recurring cell: 6 historical detections across 6 active days (24% of the observed span), FRP in line with its own history.",,1.62,0,6.0,1.695,2.83,6.0,0.24,True,-0.1186640532500562,318.0,289.02,28.980000000000015,1,0,0,0,0,,
206,8.47708,80.76251,2026-09-05 08:13:00,1,OTHER_ANOMALY,Weak / one-off detection: no baseline,,4.67,0,0.0,0.0,0.0,0.0,0.0,False,,336.0,302.42,33.579999999999984,0,0,0,0,0,,
713,8.27718,81.00146,2026-09-06 07:56:00,2,NEW_ABNORMAL_EVENT,No historical thermal baseline for this cell and FRP is high (8.1).,,8.12,1,0.0,0.0,0.0,0.0,0.0,False,,331.91,297.76,34.150000000000034,0,0,0,0,0,,
843,21.18927,81.39099,2026-09-06 20:27:00,0,PERSISTENT_SOURCE,"Recurring cell: 8 historical detections across 4 active days (11% of the observed span), FRP in line with its own history.",,1.83,0,8.0,1.55625,2.8,4.0,0.108,True,0.4111224103008691,307.96,292.28,15.680000000000009,1,0,0,0,0,,
205,8.47522,80.49657,2026-09-05 08:13:00,1,OTHER_ANOMALY,Weak / one-off detection: no baseline,,2.37,0,0.0,0.0,0.0,0.0,0.0,False,,336.32,298.53,37.79000000000002,0,0,0,0,0,,
714,8.29321,80.18297,2026-09-06 07:56:00,2,NEW_ABNORMAL_EVENT,No historical thermal baseline for this cell and FRP is high (9.1).,,9.1,0,0.0,0.0,0.0,0.0,0.0,False,,340.21,298.89,41.31999999999999,0,0,0,0,0,,
845,21.19259,81.39162,2026-09-06 20:27:00,0,PERSISTENT_SOURCE,"Recurring cell: 8 historical detections across 4 active days (11% of the observed span), FRP in line with its own history.",,2.44,0,8.0,1.55625,2.8,4.0,0.108,True,1.3272307948982387,313.12,291.99,21.129999999999995,1,0,0,0,0,,
220,8.51689,80.82001,2026-09-05 08:13:00,1,OTHER_ANOMALY,Weak / one-off detection: no baseline,,5.01,0,0.0,0.0,0.0,0.0,0.0,False,,336.92,305.62,31.30000000000001,0,0,0,0,0,,
720,8.4589,80.62856,2026-09-06 07:56:00,2,NEW_ABNORMAL_EVENT,No historical thermal baseline for this cell and FRP is high (7.0).,,6.95,1,0.0,0.0,0.0,0.0,0.0,False,,335.02,298.1,36.91999999999996,0,0,0,0,0,,
842,21.18595,81.39038,2026-09-06 20:27:00,0,PERSISTENT_SOURCE,"Recurring cell: 8 historical detections across 4 active days (11% of the observed span), FRP in line with its own history.",,1.83,0,8.0,1.55625,2.8,4.0,0.108,True,0.4111224103008691,314.9,293.21,21.69,1,0,0,0,0,,
1004,8.25063,80.33293,2026-09-07 07:35:00,1,OTHER_ANOMALY,Weak / one-off detection: no baseline,,3.86,0,0.0,0.0,0.0,0.0,0.0,False,,349.05,294.46,54.59000000000003,0,0,0,0,0,,
396,15.4074,80.12518,2026-09-05 08:16:00,2,NEW_ABNORMAL_EVENT,No historical thermal baseline for this cell and FRP is high (6.1).,,6.1,0,0.0,0.0,0.0,0.0,0.0,False,,340.46,298.97,41.48999999999995,0,0,0,0,0,,
392,15.17484,76.65714,2026-09-05 08:16:00,0,PERSISTENT_SOURCE,"Recurring cell: 8 historical detections across 6 active days (11% of the observed span), FRP in line with its own history.",,3.25,1,8.0,1.7925,4.86,6.0,0.107,True,1.1455672493459064,335.27,306.58,28.69,0,0,0,0,0,,
1003,8.2227,80.97877,2026-09-07 07:35:00,1,OTHER_ANOMALY,Weak / one-off detection: no baseline,,5.01,0,0.0,0.0,0.0,0.0,0.0,False,,333.28,293.44,39.839999999999975,0,0,0,0,0,,
715,8.29433,80.57742,2026-09-06 07:56:00,2,NEW_ABNORMAL_EVENT,No historical thermal baseline for this cell and FRP is high (15.4).,,15.45,1,0.0,0.0,0.0,0.0,0.0,False,,331.23,296.58,34.650000000000034,0,0,0,0,0,,
1099,23.79465,86.35478,2026-09-07 07:39:00,0,PERSISTENT_SOURCE,"Recurring cell: 6 historical detections across 5 active days (23% of the observed span), FRP in line with its own history.",,1.86,0,6.0,1.45,3.37,5.0,0.227,True,0.4096805736802473,332.56,292.41,40.14999999999998,0,0,0,0,0,,
1002,8.19346,80.10268,2026-09-07 07:35:00,1,OTHER_ANOMALY,Weak / one-off detection: no baseline,,5.18,0,0.0,0.0,0.0,0.0,0.0,False,,351.75,292.84,58.910000000000025,0,0,0,0,0,,
718,8.40032,80.43282,2026-09-06 07:56:00,2,NEW_ABNORMAL_EVENT,No historical thermal baseline for this cell and FRP is high (14.5).,,14.49,1,0.0,0.0,0.0,0.0,0.0,False,,349.45,301.27,48.18000000000001,0,0,0,0,0,,
923,15.17334,76.65672,2026-09-06 20:29:00,0,PERSISTENT_SOURCE,"Recurring cell: 8 historical detections across 6 active days (11% of the observed span), FRP in line with its own history.",,0.93,0,8.0,1.7925,4.86,6.0,0.107,True,-0.6779085780863425,303.9,277.9,26.0,1,0,0,0,0,,
1000,8.13118,80.02525,2026-09-07 07:35:00,1,OTHER_ANOMALY,Weak / one-off detection: no baseline,,5.23,0,0.0,0.0,0.0,0.0,0.0,False,,340.17,292.88,47.29000000000002,0,0,0,0,0,,
413,17.75859,75.82333,2026-09-05 08:16:00,2,NEW_ABNORMAL_EVENT,No historical thermal baseline for this cell and FRP is high (6.2).,,6.23,1,0.0,0.0,0.0,0.0,0.0,False,,339.69,307.83,31.860000000000014,0,0,0,0,0,,
922,15.17275,76.66071,2026-09-06 20:29:00,0,PERSISTENT_SOURCE,"Recurring cell: 8 historical detections across 6 active days (11% of the observed span), FRP in line with its own history.",,0.93,0,8.0,1.7925,4.86,6.0,0.107,True,-0.6779085780863425,316.58,278.07,38.50999999999999,1,0,0,0,0,,
999,8.07863,80.78094,2026-09-07 07:35:00,1,OTHER_ANOMALY,Weak / one-off detection: no baseline,,3.64,0,0.0,0.0,0.0,0.0,0.0,False,,331.36,288.14,43.22000000000003,0,0,0,0,0,,
410,16.59789,77.40491,2026-09-05 08:16:00,2,NEW_ABNORMAL_EVENT,No historical thermal baseline for this cell and FRP is high (7.0).,,7.02,0,0.0,0.0,0.0,0.0,0.0,False,,342.06,302.15,39.910000000000025,0,0,0,0,0,,
921,15.17216,76.66468,2026-09-06 20:29:00,0,PERSISTENT_SOURCE,"Recurring cell: 8 historical detections across 6 active days (11% of the observed span), FRP in line with its own history.",,1.17,0,8.0,1.7925,4.86,6.0,0.107,True,-0.4892731476623168,303.26,276.99,26.269999999999985,1,0,0,0,0,,
346,10.87647,79.25341,2026-09-05 08:16:00,1,OTHER_ANOMALY,Weak / one-off detection: no baseline,,2.99,0,0.0,0.0,0.0,0.0,0.0,False,,338.54,304.22,34.31999999999999,0,0,0,0,0,,
246,8.6294,80.99097,2026-09-05 08:13:00,2,NEW_ABNORMAL_EVENT,No historical thermal baseline for this cell and FRP is high (6.7).,,6.7,0,0.0,0.0,0.0,0.0,0.0,False,,343.53,301.39,42.13999999999999,0,0,0,0,0,,
855,21.37788,81.68205,2026-09-06 20:27:00,0,PERSISTENT_SOURCE,"Recurring cell: 8 historical detections across 5 active days (10% of the observed span), FRP in line with its own history.",,1.17,0,8.0,2.085,3.46,5.0,0.1,True,-1.0791946851803258,309.01,289.29,19.71999999999997,1,0,0,0,0,,
1011,8.43337,80.38214,2026-09-07 07:35:00,1,OTHER_ANOMALY,Weak / one-off detection: no baseline,,2.14,0,0.0,0.0,0.0,0.0,0.0,False,,332.28,292.88,39.39999999999998,0,0,0,0,0,,
260,8.67016,80.84117,2026-09-05 08:13:00,2,NEW_ABNORMAL_EVENT,No historical thermal baseline for this cell and FRP is high (8.2).,,8.18,0,0.0,0.0,0.0,0.0,0.0,False,,344.29,304.42,39.870000000000005,0,0,0,0,0,,
854,21.37517,81.67767,2026-09-06 20:27:00,0,PERSISTENT_SOURCE,"Recurring cell: 8 historical detections across 5 active days (10% of the observed span), FRP in line with its own history.",,1.33,0,8.0,2.085,3.46,5.0,0.1,True,-0.8904830462416895,302.43,282.02,20.410000000000025,1,0,0,0,0,,
1010,8.43057,80.38477,2026-09-07 07:35:00,1,OTHER_ANOMALY,Weak / one-off detection: no baseline,,1.88,0,0.0,0.0,0.0,0.0,0.0,False,,331.9,289.74,42.15999999999997,0,0,0,0,0,,
255,8.65211,80.86302,2026-09-05 08:13:00,2,NEW_ABNORMAL_EVENT,No historical thermal baseline for this cell and FRP is high (7.2).,,7.2,0,0.0,0.0,0.0,0.0,0.0,False,,338.41,302.27,36.14000000000004,0,0,0,0,0,,
554,22.36242,87.30013,2026-09-05 20:46:00,0,PERSISTENT_SOURCE,"Recurring cell: 6 historical detections across 5 active days (21% of the observed span), FRP in line with its own history.",,1.39,0,6.0,2.57,3.59,5.0,0.208,True,-1.2080124331875235,305.66,288.63,17.03000000000003,1,0,0,0,0,,
208,8.48008,80.82928,2026-09-05 08:13:00,1,OTHER_ANOMALY,Weak / one-off detection: thin history (2 detections),,3.04,0,2.0,8.105,9.47,1.0,1.0,True,-2.6238064811061266,333.44,302.33,31.110000000000014,0,0,0,0,0,,
196,8.4546,80.6581,2026-09-05 08:13:00,2,NEW_ABNORMAL_EVENT,No historical thermal baseline for this cell and FRP is high (5.8).,,5.8,0,0.0,0.0,0.0,0.0,0.0,False,,340.29,302.7,37.59000000000003,0,0,0,0,0,,
917,15.02173,78.0144,2026-09-06 20:29:00,0,PERSISTENT_SOURCE,"Recurring cell: 7 historical detections across 7 active days (14% of the observed span), FRP in line with its own history.",,2.19,0,7.0,1.43,2.22,7.0,0.14,True,1.7895154516388052,314.99,289.03,25.96000000000004,1,0,0,0,0,,
1107,36.96354,81.34337,2026-09-07 07:44:00,1,OTHER_ANOMALY,Weak / one-off detection: thin history (1 detections),,3.38,0,1.0,2.44,2.44,1.0,1.0,True,,347.42,307.76,39.660000000000025,0,0,0,0,0,,
165,8.16176,80.68446,2026-09-05 08:13:00,2,NEW_ABNORMAL_EVENT,No historical thermal baseline for this cell and FRP is high (6.7).,,6.66,0,0.0,0.0,0.0,0.0,0.0,False,,337.97,303.25,34.72000000000003,0,0,0,0,0,,
499,15.65858,73.99101,2026-09-05 20:46:00,0,PERSISTENT_SOURCE,"Recurring cell: 7 historical detections across 5 active days (13% of the observed span), FRP in line with its own history.",,0.59,0,7.0,1.1214285714285714,1.8,5.0,0.132,True,-1.2292031149714897,308.41,289.16,19.25,1,0,0,0,0,,
1106,35.82621,68.37363,2026-09-07 07:44:00,1,OTHER_ANOMALY,"Weak / one-off detection: low FRP (1.7), no baseline",,1.69,0,0.0,0.0,0.0,0.0,0.0,False,,333.69,302.64,31.05000000000001,0,0,0,0,0,,
190,8.42892,80.46317,2026-09-05 08:13:00,2,NEW_ABNORMAL_EVENT,No historical thermal baseline for this cell and FRP is high (7.4).,,7.39,0,0.0,0.0,0.0,0.0,0.0,False,,345.61,299.11,46.5,0,0,0,0,0,,
500,15.65914,73.98743,2026-09-05 20:46:00,0,PERSISTENT_SOURCE,"Recurring cell: 7 historical detections across 5 active days (13% of the observed span), FRP in line with its own history.",,0.59,0,7.0,1.1214285714285714,1.8,5.0,0.132,True,-1.2292031149714897,304.12,290.25,13.870000000000005,1,0,0,0,0,,
1105,35.8244,68.37402,2026-09-07 07:44:00,1,OTHER_ANOMALY,"Weak / one-off detection: low FRP (1.1), no baseline",,1.06,0,0.0,0.0,0.0,0.0,0.0,False,,331.82,301.58,30.24000000000001,0,0,0,0,0,,
192,8.43594,80.67204,2026-09-05 08:13:00,2,NEW_ABNORMAL_EVENT,No historical thermal baseline for this cell and FRP is high (11.4).,,11.39,0,0.0,0.0,0.0,0.0,0.0,False,,349.64,306.12,43.51999999999998,0,0,0,0,0,,
937,15.65793,73.98854,2026-09-06 20:29:00,0,PERSISTENT_SOURCE,"Recurring cell: 7 historical detections across 5 active days (13% of the observed span), FRP in line with its own history.",,0.42,0,7.0,1.1214285714285714,1.8,5.0,0.132,True,-1.6224159393844126,301.83,287.12,14.70999999999998,1,0,0,0,0,,
1104,31.25838,74.14626,2026-09-07 07:44:00,1,OTHER_ANOMALY,Weak / one-off detection: no baseline,,3.55,0,0.0,0.0,0.0,0.0,0.0,False,,331.24,300.47,30.769999999999985,0,0,0,0,0,,
194,8.44327,81.09863,2026-09-05 08:13:00,2,NEW_ABNORMAL_EVENT,No historical thermal baseline for this cell and FRP is high (7.9).,,7.92,0,0.0,0.0,0.0,0.0,0.0,False,,348.69,302.78,45.910000000000025,0,0,0,0,0,,
470,35.96627,68.68471,2026-09-05 20:44:00,0,PERSISTENT_SOURCE,"Recurring cell: 7 historical detections across 5 active days (12% of the observed span), FRP in line with its own history.",,1.37,0,7.0,1.4728571428571429,2.19,5.0,0.122,True,-0.2331505648085081,303.76,290.62,13.139999999999986,1,0,0,0,0,,
1020,8.53558,80.43092,2026-09-07 07:35:00,1,OTHER_ANOMALY,Weak / one-off detection: no baseline,,4.6,0,0.0,0.0,0.0,0.0,0.0,False,,344.56,291.59,52.97000000000003,0,0,0,0,0,,
1022,8.60144,80.83746,2026-09-07 07:35:00,2,NEW_ABNORMAL_EVENT,No historical thermal baseline for this cell and FRP is high (9.3).,,9.32,0,0.0,0.0,0.0,0.0,0.0,False,,341.11,289.34,51.77000000000004,0,0,0,0,0,,
497,15.33179,76.28551,2026-09-05 20:46:00,0,PERSISTENT_SOURCE,"Recurring cell: 7 historical detections across 7 active days (12% of the observed span), FRP in line with its own history.",,0.84,0,7.0,1.0814285714285714,1.19,7.0,0.121,True,-2.7667765115398018,303.39,291.01,12.379999999999995,1,0,0,0,0,,
1019,8.51254,80.16476,2026-09-07 07:35:00,1,OTHER_ANOMALY,Weak / one-off detection: no baseline,,2.89,0,0.0,0.0,0.0,0.0,0.0,False,,338.1,290.38,47.72000000000003,0,0,0,0,0,,
1024,8.94396,80.88758,2026-09-07 07:37:00,2,NEW_ABNORMAL_EVENT,No historical thermal baseline for this cell and FRP is high (10.1).,,10.05,0,0.0,0.0,0.0,0.0,0.0,False,,337.97,290.01,47.96000000000004,0,0,0,0,0,,
783,21.10482,72.64702,2026-09-06 08:01:00,0,PERSISTENT_SOURCE,"Recurring cell: 7 historical detections across 7 active days (12% of the observed span), FRP in line with its own history.",,6.89,0,7.0,3.47,7.57,7.0,0.121,True,1.5813236107468025,334.96,294.61,40.349999999999966,0,0,0,0,0,,
1018,8.50991,80.16398,2026-09-07 07:35:00,1,OTHER_ANOMALY,Weak / one-off detection: no baseline,,1.9,0,0.0,0.0,0.0,0.0,0.0,False,,330.11,291.81,38.30000000000001,0,0,0,0,0,,
181,8.39266,80.28991,2026-09-05 08:13:00,2,NEW_ABNORMAL_EVENT,No historical thermal baseline for this cell and FRP is high (7.0).,,7.05,0,0.0,0.0,0.0,0.0,0.0,False,,336.13,302.91,33.21999999999997,0,0,0,0,0,,
1096,23.73973,86.43557,2026-09-07 07:39:00,0,PERSISTENT_SOURCE,"Recurring cell: 6 historical detections across 6 active days (18% of the observed span), FRP in line with its own history.",,3.06,0,6.0,4.711666666666667,8.6,6.0,0.176,True,-0.5390499396553247,332.5,297.34,35.160000000000025,0,0,0,0,0,,
1017,8.48152,80.33078,2026-09-07 07:35:00,1,OTHER_ANOMALY,Weak / one-off detection: no baseline,,3.22,0,0.0,0.0,0.0,0.0,0.0,False,,330.11,293.36,36.75,0,0,0,0,0,,
182,8.39913,81.03686,2026-09-05 08:13:00,2,NEW_ABNORMAL_EVENT,No historical thermal baseline for this cell and FRP is high (6.8).,,6.81,0,0.0,0.0,0.0,0.0,0.0,False,,337.34,301.82,35.51999999999998,0,0,0,0,0,,
1095,23.73637,86.43615,2026-09-07 07:39:00,0,PERSISTENT_SOURCE,"Recurring cell: 6 historical detections across 6 active days (18% of the observed span), FRP in line with its own history.",,3.06,0,6.0,4.711666666666667,8.6,6.0,0.176,True,-0.5390499396553247,338.87,299.15,39.72000000000003,0,0,0,0,0,,
1029,10.1291,79.13102,2026-09-07 07:37:00,1,OTHER_ANOMALY,Weak / one-off detection: no baseline,,5.25,0,0.0,0.0,0.0,0.0,0.0,False,,332.12,295.76,36.360000000000014,0,0,0,0,0,,
161,8.1255,80.81214,2026-09-05 08:13:00,2,NEW_ABNORMAL_EVENT,No historical thermal baseline for this cell and FRP is high (5.7).,,5.69,0,0.0,0.0,0.0,0.0,0.0,False,,352.75,302.29,50.45999999999998,0,0,0,0,0,,
805,29.47667,76.85507,2026-09-06 20:25:00,0,PERSISTENT_SOURCE,"Recurring cell: 6 historical detections across 5 active days (15% of the observed span), FRP in line with its own history.",,2.08,0,6.0,3.301666666666667,5.5,5.0,0.152,True,-0.6942210550083586,333.33,292.41,40.91999999999996,1,0,0,0,0,,
1028,9.55967,78.24466,2026-09-07 07:37:00,1,OTHER_ANOMALY,Weak / one-off detection: no baseline,,2.76,0,0.0,0.0,0.0,0.0,0.0,False,,336.71,293.64,43.06999999999999,0,0,0,0,0,,
189,8.42615,80.84453,2026-09-05 08:13:00,2,NEW_ABNORMAL_EVENT,No historical thermal baseline for this cell and FRP is high (7.5).,,7.49,0,0.0,0.0,0.0,0.0,0.0,False,,338.86,298.15,40.71000000000004,0,0,0,0,0,,
804,29.47619,76.85919,2026-09-06 20:25:00,0,PERSISTENT_SOURCE,"Recurring cell: 6 historical detections across 5 active days (15% of the observed span), FRP in line with its own history.",,2.08,0,6.0,3.301666666666667,5.5,5.0,0.152,True,-0.6942210550083586,304.71,292.68,12.029999999999973,1,0,0,0,0,,
1026,9.17599,77.52721,2026-09-07 07:37:00,1,OTHER_ANOMALY,Weak / one-off detection: no baseline,,2.66,0,0.0,0.0,0.0,0.0,0.0,False,,333.26,288.8,44.45999999999998,0,0,0,0,0,,
168,8.17748,80.58276,2026-09-05 08:13:00,2,NEW_ABNORMAL_EVENT,No historical thermal baseline for this cell and FRP is high (9.2).,,9.25,0,0.0,0.0,0.0,0.0,0.0,False,,348.04,300.32,47.72000000000003,0,0,0,0,0,,
464,29.47524,76.8587,2026-09-05 20:44:00,0,PERSISTENT_SOURCE,"Recurring cell: 6 historical detections across 5 active days (15% of the observed span), FRP in line with its own history.",,0.88,0,6.0,3.301666666666667,5.5,5.0,0.152,True,-1.3761298675677285,312.67,292.14,20.53000000000003,1,0,0,0,0,,
949,10.44463,77.50969,2026-09-06 20:32:00,1,OTHER_ANOMALY,"Weak / one-off detection: low FRP (0.4), no baseline",,0.44,0,0.0,0.0,0.0,0.0,0.0,False,,308.74,290.41,18.329999999999984,1,0,0,0,0,,
170,8.21024,80.58482,2026-09-05 08:13:00,2,NEW_ABNORMAL_EVENT,No historical thermal baseline for this cell and FRP is high (8.2).,,8.22,0,0.0,0.0,0.0,0.0,0.0,False,,345.91,302.97,42.94,0,0,0,0,0,,
839,21.17992,81.38543,2026-09-06 20:27:00,0,PERSISTENT_SOURCE,"Recurring cell: 7 historical detections across 5 active days (9% of the observed span), FRP in line with its own history.",,2.37,0,7.0,2.091428571428572,3.08,5.0,0.086,True,0.2750440155372622,316.12,292.52,23.600000000000023,1,0,0,0,0,,
257,8.65415,81.06326,2026-09-05 08:13:00,1,OTHER_ANOMALY,Weak / one-off detection: no baseline,,2.47,0,0.0,0.0,0.0,0.0,0.0,False,,332.61,299.93,32.68000000000001,0,0,0,0,0,,
141,8.02516,81.16928,2026-09-05 08:13:00,2,NEW_ABNORMAL_EVENT,No historical thermal baseline for this cell and FRP is high (7.9).,,7.9,0,0.0,0.0,0.0,0.0,0.0,False,,344.87,306.14,38.73000000000002,0,0,0,0,0,,
840,21.18324,81.38604,2026-09-06 20:27:00,0,PERSISTENT_SOURCE,"Recurring cell: 7 historical detections across 5 active days (9% of the observed span), FRP in line with its own history.",,2.37,0,7.0,2.091428571428572,3.08,5.0,0.086,True,0.2750440155372622,315.5,293.38,22.120000000000005,1,0,0,0,0,,
941,18.49386,74.20312,2026-09-06 20:29:00,1,OTHER_ANOMALY,"Weak / one-off detection: low FRP (1.0), no baseline",,1.01,0,0.0,0.0,0.0,0.0,0.0,False,,309.64,289.93,19.70999999999998,1,0,0,0,0,,
147,8.05383,80.10401,2026-09-05 08:13:00,2,NEW_ABNORMAL_EVENT,No historical thermal baseline for this cell and FRP is high (7.3).,,7.27,0,0.0,0.0,0.0,0.0,0.0,False,,344.98,302.11,42.870000000000005,0,0,0,0,0,,
625,18.72045,79.53607,2026-09-05 20:49:00,0,PERSISTENT_SOURCE,"Recurring cell: 7 historical detections across 5 active days (8% of the observed span), FRP in line with its own history.",,1.46,0,7.0,1.3685714285714283,2.11,5.0,0.083,True,0.1941129670627287,307.44,290.76,16.680000000000007,1,0,0,0,0,,
995,8.0528,81.32001,2026-09-07 07:35:00,1,OTHER_ANOMALY,Weak / one-off detection: no baseline,,5.47,0,0.0,0.0,0.0,0.0,0.0,False,,331.26,295.48,35.77999999999997,0,0,0,0,0,,
1052,17.60496,83.18684,2026-09-07 07:39:00,2,NEW_ABNORMAL_EVENT,No historical thermal baseline for this cell and FRP is high (5.7).,,5.71,1,0.0,0.0,0.0,0.0,0.0,False,,331.71,299.65,32.06,0,0,0,0,0,,
815,18.71906,79.53666,2026-09-06 20:27:00,0,PERSISTENT_SOURCE,"Recurring cell: 7 historical detections across 5 active days (8% of the observed span), FRP in line with its own history.",,1.7,0,7.0,1.3685714285714283,2.11,5.0,0.083,True,0.7036595056023918,312.58,294.49,18.08999999999997,1,0,0,0,0,,
994,8.02418,80.36,2026-09-07 07:35:00,1,OTHER_ANOMALY,Weak / one-off detection: no baseline,,5.32,0,0.0,0.0,0.0,0.0,0.0,False,,331.59,294.65,36.94,0,0,0,0,0,,
1021,8.55963,80.74296,2026-09-07 07:35:00,2,NEW_ABNORMAL_EVENT,No historical thermal baseline for this cell and FRP is high (6.9).,,6.87,0,0.0,0.0,0.0,0.0,0.0,False,,331.46,290.23,41.22999999999996,0,0,0,0,0,,
471,15.02384,78.01737,2026-09-05 20:46:00,0,PERSISTENT_SOURCE,"Recurring cell: 6 historical detections across 6 active days (14% of the observed span), FRP in line with its own history.",,2.21,0,6.0,1.295,2.54,6.0,0.143,True,1.1722775651228103,309.76,294.41,15.349999999999966,1,0,0,0,0,,
954,32.65387,70.47578,2026-09-06 22:05:00,1,OTHER_ANOMALY,"Weak / one-off detection: low FRP (0.3), no baseline",,0.33,0,0.0,0.0,0.0,0.0,0.0,False,,303.05,290.22,12.829999999999984,1,0,0,0,0,,
1014,8.46348,81.11768,2026-09-07 07:35:00,2,NEW_ABNORMAL_EVENT,No historical thermal baseline for this cell and FRP is high (6.7).,,6.74,0,0.0,0.0,0.0,0.0,0.0,False,,340.22,293.12,47.10000000000002,0,0,0,0,0,,
814,18.71518,79.53973,2026-09-06 20:27:00,0,PERSISTENT_SOURCE,"Recurring cell: 7 historical detections across 5 active days (8% of the observed span), FRP in line with its own history.",,1.5,0,7.0,1.3685714285714283,2.11,5.0,0.083,True,0.2790373901526727,307.53,293.84,13.689999999999998,1,0,0,0,0,,
1005,8.26096,80.12309,2026-09-07 07:35:00,1,OTHER_ANOMALY,Weak / one-off detection: no baseline,,3.68,0,0.0,0.0,0.0,0.0,0.0,False,,343.55,290.9,52.650000000000034,0,0,0,0,0,,
1015,8.46363,81.11488,2026-09-07 07:35:00,2,NEW_ABNORMAL_EVENT,No historical thermal baseline for this cell and FRP is high (11.4).,,11.4,0,0.0,0.0,0.0,0.0,0.0,False,,351.82,293.31,58.50999999999999,0,0,0,0,0,,
624,18.71578,79.54022,2026-09-05 20:49:00,0,PERSISTENT_SOURCE,"Recurring cell: 7 historical detections across 5 active days (8% of the observed span), FRP in line with its own history.",,1.46,0,7.0,1.3685714285714283,2.11,5.0,0.083,True,0.1941129670627287,308.94,290.52,18.420000000000016,1,0,0,0,0,,
251,8.63327,81.01696,2026-09-05 08:13:00,1,OTHER_ANOMALY,Weak / one-off detection: no baseline,,4.34,0,0.0,0.0,0.0,0.0,0.0,False,,336.19,303.36,32.829999999999984,0,0,0,0,0,,
452,23.55211,87.24216,2026-09-05 19:06:00,2,NEW_ABNORMAL_EVENT,FRP anomalous relative to sparse history (z=3.3).,,3.82,0,4.0,1.34,2.3,3.0,0.107,True,3.347482017233649,311.64,285.12,26.519999999999985,1,0,0,0,0,,
618,13.71024,79.61983,2026-09-05 20:49:00,0,PERSISTENT_SOURCE,"Recurring cell: 6 historical detections across 6 active days (14% of the observed span), FRP in line with its own history.",,1.7,0,6.0,1.695,3.03,6.0,0.14,True,0.0050810541801436,308.48,293.37,15.110000000000014,1,0,0,0,0,,
250,8.63271,81.01324,2026-09-05 08:13:00,1,OTHER_ANOMALY,Weak / one-off detection: thin history (1 detections),,4.46,0,1.0,5.65,5.65,1.0,1.0,True,,339.57,302.05,37.51999999999998,0,0,0,0,0,,
472,15.07068,76.86605,2026-09-05 20:46:00,2,NEW_ABNORMAL_EVENT,FRP anomalous relative to sparse history (z=13.9).,,2.19,0,3.0,1.5633333333333337,1.61,3.0,0.333,True,13.89735989394596,305.47,292.31,13.160000000000023,1,1,1,0,0,233.7,
1087,22.57482,85.89742,2026-09-07 07:39:00,0,PERSISTENT_SOURCE,"Recurring cell: 6 historical detections across 5 active days (14% of the observed span), FRP in line with its own history.",,3.54,0,6.0,2.64,4.4,5.0,0.139,True,0.8372908164865327,331.58,297.26,34.31999999999999,0,0,0,0,0,,
249,8.63106,81.0021,2026-09-05 08:13:00,1,OTHER_ANOMALY,Weak / one-off detection: thin history (1 detections),,2.32,0,1.0,5.65,5.65,1.0,1.0,True,,331.86,299.94,31.920000000000016,0,0,0,0,0,,
733,8.56329,80.62575,2026-09-06 07:56:00,2,NEW_ABNORMAL_EVENT,FRP anomalous relative to sparse history (z=2.1).,,11.53,1,2.0,5.115,7.3,2.0,0.044,True,2.076013730577438,340.26,301.67,38.589999999999975,0,0,0,0,0,,
566,22.5726,85.89563,2026-09-05 20:46:00,0,PERSISTENT_SOURCE,"Recurring cell: 6 historical detections across 5 active days (14% of the observed span), FRP in line with its own history.",,1.32,0,6.0,2.64,4.4,5.0,0.139,True,-1.2280265308469147,315.04,289.31,25.730000000000015,1,0,0,0,0,,
248,8.62985,81.01746,2026-09-05 08:13:00,1,OTHER_ANOMALY,Weak / one-off detection: no baseline,,4.34,0,0.0,0.0,0.0,0.0,0.0,False,,337.55,302.48,35.06999999999999,0,0,0,0,0,,
510,20.80538,85.25605,2026-09-05 20:46:00,2,NEW_ABNORMAL_EVENT,FRP anomalous relative to sparse history (z=4.8).,,2.3,0,2.0,1.515,1.63,2.0,0.059,True,4.826772375925564,310.73,288.14,22.590000000000032,1,0,0,0,0,,
564,22.57186,85.89901,2026-09-05 20:46:00,0,PERSISTENT_SOURCE,"Recurring cell: 6 historical detections across 5 active days (14% of the observed span), FRP in line with its own history.",,1.32,0,6.0,2.64,4.4,5.0,0.139,True,-1.2280265308469147,307.13,288.97,18.159999999999968,1,0,0,0,0,,
247,8.6295,80.51996,2026-09-05 08:13:00,1,OTHER_ANOMALY,Weak / one-off detection: no baseline,,4.29,0,0.0,0.0,0.0,0.0,0.0,False,,338.94,302.06,36.88,0,0,0,0,0,,
449,22.3653,87.01733,2026-09-05 19:06:00,2,NEW_ABNORMAL_EVENT,FRP anomalous relative to sparse history (z=7.7).,,3.35,0,3.0,1.2966666666666666,1.6,3.0,0.167,True,7.704214394936122,311.4,285.76,25.639999999999983,1,0,0,0,0,,
509,20.79505,85.25336,2026-09-05 20:46:00,0,PERSISTENT_SOURCE,"Recurring cell: 6 historical detections across 5 active days (14% of the observed span), FRP in line with its own history.",,4.69,0,6.0,4.7316666666666665,9.54,5.0,0.139,True,-0.0168524244650747,334.7,287.79,46.90999999999997,1,0,0,0,0,,
245,8.6293,81.01375,2026-09-05 08:13:00,1,OTHER_ANOMALY,Weak / one-off detection: thin history (1 detections),,4.46,0,1.0,5.65,5.65,1.0,1.0,True,,341.11,304.13,36.98000000000002,0,0,0,0,0,,
480,15.17463,76.78519,2026-09-05 20:46:00,2,NEW_ABNORMAL_EVENT,FRP anomalous relative to sparse history (z=83.7).,,2.58,0,2.0,0.8049999999999999,0.82,2.0,0.4,True,83.67430244040852,305.64,291.85,13.789999999999964,1,1,1,0,0,596.0,
565,22.57237,85.89508,2026-09-05 20:46:00,0,PERSISTENT_SOURCE,"Recurring cell: 6 historical detections across 5 active days (14% of the observed span), FRP in line with its own history.",,1.39,0,6.0,2.64,4.4,5.0,0.139,True,-1.1629039117868512,312.43,288.9,23.53000000000003,1,0,0,0,0,,
259,8.66455,80.47787,2026-09-05 08:13:00,1,OTHER_ANOMALY,Weak / one-off detection: no baseline,,4.69,0,0.0,0.0,0.0,0.0,0.0,False,,336.72,302.74,33.98000000000002,0,0,0,0,0,,
732,8.53316,80.83387,2026-09-06 07:56:00,2,NEW_ABNORMAL_EVENT,FRP well above the little history this cell has.,,10.43,0,1.0,4.38,4.38,1.0,1.0,True,,343.15,298.66,44.48999999999995,0,0,0,0,0,,
1085,22.57151,85.89799,2026-09-07 07:39:00,0,PERSISTENT_SOURCE,"Recurring cell: 6 historical detections across 5 active days (14% of the observed span), FRP in line with its own history.",,4.01,0,6.0,2.64,4.4,5.0,0.139,True,1.2745426873183885,330.51,299.25,31.25999999999999,0,0,0,0,0,,
948,8.08521,80.78294,2026-09-06 20:32:00,1,OTHER_ANOMALY,Weak / one-off detection: no baseline,,1.88,0,0.0,0.0,0.0,0.0,0.0,False,,314.58,291.12,23.45999999999998,1,0,0,0,0,,
731,8.51827,80.60117,2026-09-06 07:56:00,2,NEW_ABNORMAL_EVENT,FRP well above the little history this cell has.,,18.88,2,2.0,6.85,6.85,1.0,1.0,True,,367.0,301.36,65.63999999999999,0,0,0,0,0,,
563,22.57162,85.89843,2026-09-05 20:46:00,0,PERSISTENT_SOURCE,"Recurring cell: 6 historical detections across 5 active days (14% of the observed span), FRP in line with its own history.",,1.39,0,6.0,2.64,4.4,5.0,0.139,True,-1.1629039117868512,310.28,288.88,21.399999999999977,1,0,0,0,0,,
469,33.80225,72.09641,2026-09-05 20:44:00,1,OTHER_ANOMALY,"Weak / one-off detection: low FRP (0.7), thin history (1 detections)",,0.66,0,1.0,0.73,0.73,1.0,1.0,True,,303.68,291.08,12.600000000000025,1,0,0,0,0,,
701,8.12533,80.55049,2026-09-06 07:56:00,2,NEW_ABNORMAL_EVENT,FRP well above the little history this cell has.,,5.23,1,1.0,2.51,2.51,1.0,1.0,True,,332.17,302.12,30.05000000000001,0,0,0,0,0,,
871,21.75487,83.84546,2026-09-06 20:27:00,0,PERSISTENT_SOURCE,"Recurring cell: 6 historical detections across 5 active days (14% of the observed span), FRP in line with its own history.",,2.29,0,6.0,3.62,6.71,5.0,0.135,True,-0.8094841812164332,328.9,292.15,36.75,1,0,0,0,0,,
465,31.25029,76.9273,2026-09-05 20:44:00,1,OTHER_ANOMALY,"Weak / one-off detection: low FRP (0.6), thin history (4 detections)",,0.57,0,4.0,0.675,1.01,4.0,0.167,True,-0.3714632972805435,306.11,290.29,15.819999999999991,1,0,0,0,0,,
1057,20.79349,85.25431,2026-09-07 07:39:00,2,NEW_ABNORMAL_EVENT,FRP anomalous relative to sparse history (z=3.8).,,11.19,0,4.0,3.4075,6.05,3.0,0.081,True,3.820635761283584,339.1,301.49,37.610000000000014,0,0,0,0,0,,
868,21.74865,83.84608,2026-09-06 20:27:00,0,PERSISTENT_SOURCE,"Recurring cell: 6 historical detections across 5 active days (14% of the observed span), FRP in line with its own history.",,4.14,0,6.0,3.62,6.71,5.0,0.135,True,0.3164900558139439,306.91,291.24,15.670000000000016,1,0,0,0,0,,
463,15.12839,94.77849,2026-09-05 19:08:00,1,OTHER_ANOMALY,Weak / one-off detection: no baseline,,2.13,0,0.0,0.0,0.0,0.0,0.0,False,,308.77,289.73,19.039999999999964,1,0,0,0,0,,
1058,20.80732,85.25565,2026-09-07 07:39:00,2,NEW_ABNORMAL_EVENT,FRP anomalous relative to sparse history (z=36.1).,,7.38,0,2.0,1.515,1.63,2.0,0.059,True,36.06244584051393,336.42,300.85,35.56999999999999,0,0,0,0,0,,
467,32.10323,74.17525,2026-09-05 20:44:00,0,PERSISTENT_SOURCE,"Recurring cell: 5 historical detections across 4 active days (18% of the observed span), FRP in line with its own history.",,0.92,0,5.0,3.132,4.06,4.0,0.182,True,-1.9314763085324969,307.41,293.36,14.050000000000011,1,0,0,0,0,,
462,15.12766,94.78379,2026-09-05 19:08:00,1,OTHER_ANOMALY,Weak / one-off detection: no baseline,,2.13,0,0.0,0.0,0.0,0.0,0.0,False,,306.04,289.54,16.5,1,0,0,0,0,,
531,20.96894,85.15144,2026-09-05 20:46:00,2,NEW_ABNORMAL_EVENT,FRP well above the little history this cell has.,,5.08,0,1.0,0.74,0.74,1.0,1.0,True,,339.81,288.69,51.120000000000005,1,0,0,0,0,,
1076,21.6799,84.03884,2026-09-07 07:39:00,0,PERSISTENT_SOURCE,"Recurring cell: 6 historical detections across 4 active days (10% of the observed span), FRP in line with its own history.",,3.63,1,6.0,3.2716666666666665,7.89,4.0,0.098,True,0.1503054817722932,331.65,299.85,31.799999999999955,0,0,0,0,0,,
700,8.11108,80.60191,2026-09-06 07:56:00,1,OTHER_ANOMALY,"Weak / one-off detection: no baseline, low FIRMS confidence",,4.13,1,0.0,0.0,0.0,0.0,0.0,False,,333.84,300.27,33.56999999999999,0,0,0,0,0,,
521,20.96087,86.00738,2026-09-05 20:46:00,2,NEW_ABNORMAL_EVENT,FRP anomalous relative to sparse history (z=3.4).,,3.85,0,2.0,1.66,2.12,2.0,0.041,True,3.366443153909868,327.32,288.37,38.94999999999999,1,0,0,0,0,,
862,21.68095,84.04077,2026-09-06 20:27:00,0,PERSISTENT_SOURCE,"Recurring cell: 6 historical detections across 4 active days (10% of the observed span), FRP in line with its own history.",,2.33,0,6.0,3.2716666666666665,7.89,4.0,0.098,True,-0.3949888241923054,311.45,291.4,20.05000000000001,1,0,0,0,0,,
695,8.00894,81.30312,2026-09-06 07:56:00,1,OTHER_ANOMALY,Weak / one-off detection: no baseline,,2.97,0,0.0,0.0,0.0,0.0,0.0,False,,331.75,297.93,33.81999999999999,0,0,0,0,0,,
160,8.12496,80.80852,2026-09-05 08:13:00,2,NEW_ABNORMAL_EVENT,FRP anomalous relative to sparse history (z=8.5).,,5.69,0,5.0,1.898,2.69,1.0,1.0,True,8.5107178993195,340.1,302.17,37.93000000000001,0,1,0,0,0,,
861,21.67737,84.04004,2026-09-06 20:27:00,0,PERSISTENT_SOURCE,"Recurring cell: 6 historical detections across 4 active days (10% of the observed span), FRP in line with its own history.",,2.33,0,6.0,3.2716666666666665,7.89,4.0,0.098,True,-0.3949888241923054,316.31,291.03,25.28000000000003,1,0,0,0,0,,
709,8.255,80.25446,2026-09-06 07:56:00,1,OTHER_ANOMALY,"Weak / one-off detection: no baseline, low FIRMS confidence",,4.7,1,0.0,0.0,0.0,0.0,0.0,False,,334.57,299.29,35.27999999999997,0,0,0,0,0,,
1016,8.46464,80.49741,2026-09-07 07:35:00,2,NEW_ABNORMAL_EVENT,FRP well above the little history this cell has.,,5.87,0,1.0,2.89,2.89,1.0,1.0,True,,332.45,290.59,41.860000000000014,0,0,0,0,0,,
911,13.39207,80.103,2026-09-06 20:29:00,0,PERSISTENT_SOURCE,"Recurring cell: 5 historical detections across 5 active days (15% of the observed span), FRP in line with its own history.",,0.59,0,5.0,1.882,4.03,5.0,0.152,True,-0.9366328077870932,304.24,285.54,18.69999999999999,1,0,0,0,0,,
708,8.25071,80.2575,2026-09-06 07:56:00,1,OTHER_ANOMALY,"Weak / one-off detection: no baseline, low FIRMS confidence",,4.58,1,0.0,0.0,0.0,0.0,0.0,False,,331.3,299.64,31.660000000000025,0,0,0,0,0,,
530,20.96822,85.15479,2026-09-05 20:46:00,2,NEW_ABNORMAL_EVENT,FRP well above the little history this cell has.,,2.87,0,1.0,0.74,0.74,1.0,1.0,True,,307.93,288.01,19.920000000000016,1,0,0,0,0,,
841,21.18384,81.38232,2026-09-06 20:27:00,0,PERSISTENT_SOURCE,"Recurring cell: 5 historical detections across 5 active days (15% of the observed span), FRP in line with its own history.",,3.03,0,5.0,2.0,2.67,5.0,0.147,True,1.619989540114502,309.1,292.4,16.700000000000045,1,0,0,0,0,,
706,8.2361,80.16422,2026-09-06 07:56:00,1,OTHER_ANOMALY,"Weak / one-off detection: no baseline, low FIRMS confidence",,5.42,1,0.0,0.0,0.0,0.0,0.0,False,,336.92,300.06,36.860000000000014,0,0,0,0,0,,
1083,22.20925,84.86183,2026-09-07 07:39:00,2,NEW_ABNORMAL_EVENT,FRP anomalous relative to sparse history (z=16.7).,,3.47,0,2.0,1.58,1.66,1.0,1.0,True,16.70539770553218,337.56,297.82,39.74000000000001,0,1,1,0,0,1261.4,
523,20.96185,85.18448,2026-09-05 20:46:00,0,PERSISTENT_SOURCE,"Recurring cell: 6 historical detections across 3 active days (8% of the observed span), FRP in line with its own history.",,4.52,0,6.0,1.8316666666666668,5.19,3.0,0.081,True,1.5807664312680092,315.38,287.37,28.00999999999999,1,0,0,0,0,,
705,8.23099,80.32535,2026-09-06 07:56:00,1,OTHER_ANOMALY,Weak / one-off detection: no baseline,,2.74,0,0.0,0.0,0.0,0.0,0.0,False,,335.4,296.16,39.23999999999995,0,0,0,0,0,,
420,20.96741,85.15464,2026-09-05 08:18:00,2,NEW_ABNORMAL_EVENT,FRP well above the little history this cell has.,,4.32,0,1.0,0.74,0.74,1.0,1.0,True,,333.4,295.34,38.06,0,0,0,0,0,,
587,23.66354,87.15416,2026-09-05 20:46:00,0,PERSISTENT_SOURCE,"Recurring cell: 5 historical detections across 4 active days (14% of the observed span), FRP in line with its own history.",,2.85,0,5.0,1.7,2.97,4.0,0.138,True,1.010074612709435,309.16,280.21,28.950000000000045,1,0,0,0,0,,
704,8.22726,80.32596,2026-09-06 07:56:00,1,OTHER_ANOMALY,Weak / one-off detection: no baseline,,2.74,0,0.0,0.0,0.0,0.0,0.0,False,,334.35,296.89,37.46000000000004,0,0,0,0,0,,
394,15.18627,76.31717,2026-09-05 08:16:00,2,NEW_ABNORMAL_EVENT,FRP well above the little history this cell has.,,5.01,1,1.0,2.2,2.2,1.0,1.0,True,,331.27,305.6,25.66999999999996,0,0,0,0,0,,
883,21.8011,82.04027,2026-09-06 20:27:00,0,PERSISTENT_SOURCE,"Recurring cell: 5 historical detections across 5 active days (12% of the observed span), FRP in line with its own history.",,1.38,0,5.0,1.328,2.18,5.0,0.122,True,0.0944487136724671,310.0,290.19,19.81,1,0,0,0,0,,
355,11.96047,78.80122,2026-09-05 08:16:00,1,OTHER_ANOMALY,Weak / one-off detection: no baseline,,4.31,0,0.0,0.0,0.0,0.0,0.0,False,,331.4,301.09,30.31,0,0,0,0,0,,
395,15.22651,76.76752,2026-09-05 08:16:00,2,NEW_ABNORMAL_EVENT,FRP well above the little history this cell has.,,8.29,0,1.0,0.8,0.8,1.0,1.0,True,,338.75,306.89,31.860000000000014,0,0,0,0,0,,
265,8.69047,80.353,2026-09-05 08:13:00,0,PERSISTENT_SOURCE,"Recurring cell: 6 historical detections across 3 active days (6% of the observed span), FRP in line with its own history.",,14.63,0,6.0,13.336666666666668,24.8,3.0,0.062,True,0.124075295928065,335.52,303.33,32.19,0,0,0,0,0,,
598,23.70117,86.07451,2026-09-05 20:46:00,1,OTHER_ANOMALY,"Weak / one-off detection: low FRP (0.8), thin history (4 detections)",,0.77,0,4.0,4.6825,6.82,3.0,0.2,True,-1.58481466357889,298.32,266.21,32.110000000000014,1,0,0,0,0,,
722,8.48052,80.82955,2026-09-06 07:56:00,2,NEW_ABNORMAL_EVENT,FRP anomalous relative to sparse history (z=2.2).,,12.26,1,2.0,8.105,9.47,1.0,1.0,True,2.1524019603150943,340.74,302.42,38.31999999999999,0,0,0,0,0,,
956,33.2976,71.18477,2026-09-06 22:05:00,0,PERSISTENT_SOURCE,"Recurring cell: 5 historical detections across 5 active days (12% of the observed span), FRP in line with its own history.",,1.13,0,5.0,1.214,1.89,5.0,0.119,True,-0.2064000438073611,301.95,290.28,11.670000000000016,1,0,0,0,0,,
597,23.69453,86.07994,2026-09-05 20:46:00,1,OTHER_ANOMALY,"Weak / one-off detection: low FRP (0.8), thin history (1 detections)",,0.75,0,1.0,1.06,1.06,1.0,1.0,True,,302.22,272.29,29.930000000000007,1,0,0,0,0,,
258,8.6632,80.51487,2026-09-05 08:13:00,2,NEW_ABNORMAL_EVENT,FRP anomalous relative to sparse history (z=3.5).,,17.0,0,2.0,9.905,11.33,1.0,1.0,True,3.520647447381443,341.21,304.31,36.89999999999998,0,0,0,0,0,,
428,21.75626,83.84433,2026-09-05 08:18:00,0,PERSISTENT_SOURCE,"Recurring cell: 5 historical detections across 3 active days (11% of the observed span), FRP in line with its own history.",,11.19,0,5.0,3.638,10.06,3.0,0.111,True,1.973607295662422,336.65,294.06,42.589999999999975,0,0,0,0,0,,
594,23.69034,86.43555,2026-09-05 20:46:00,1,OTHER_ANOMALY,"Weak / one-off detection: low FRP (0.8), no baseline",,0.77,0,0.0,0.0,0.0,0.0,0.0,False,,303.17,281.46,21.71000000000004,1,0,0,0,0,,
781,20.96956,86.01638,2026-09-06 07:58:00,2,NEW_ABNORMAL_EVENT,FRP anomalous relative to sparse history (z=50.7).,,7.92,0,4.0,0.89,1.01,2.0,0.125,True,50.73465490503837,333.55,296.57,36.98000000000002,0,1,1,0,0,1069.9,
876,21.76005,83.84395,2026-09-06 20:27:00,0,PERSISTENT_SOURCE,"Recurring cell: 5 historical detections across 3 active days (11% of the observed span), FRP in line with its own history.",,3.17,0,5.0,3.638,10.06,3.0,0.111,True,-0.1223051131316224,310.4,291.49,18.909999999999968,1,0,0,0,0,,
540,20.97758,85.13626,2026-09-05 20:46:00,1,OTHER_ANOMALY,"Weak / one-off detection: low FRP (1.7), thin history (4 detections)",,1.68,0,4.0,3.64,8.26,4.0,0.16,True,-0.6349440331759042,310.46,288.32,22.139999999999983,1,0,0,0,0,,
836,20.96279,86.00687,2026-09-06 20:27:00,2,NEW_ABNORMAL_EVENT,FRP anomalous relative to sparse history (z=3.3).,,3.82,0,2.0,1.66,2.12,2.0,0.041,True,3.320327494267266,338.88,290.58,48.30000000000001,1,0,0,0,0,,
875,21.7592,83.84185,2026-09-06 20:27:00,0,PERSISTENT_SOURCE,"Recurring cell: 5 historical detections across 3 active days (11% of the observed span), FRP in line with its own history.",,2.29,0,5.0,3.638,10.06,3.0,0.111,True,-0.3522805395329639,309.9,291.44,18.45999999999998,1,0,0,0,0,,
552,22.24478,87.38964,2026-09-05 20:46:00,1,OTHER_ANOMALY,"Weak / one-off detection: low FRP (0.7), thin history (3 detections)",,0.71,0,3.0,1.873333333333333,2.84,3.0,0.091,True,-1.3081624808182597,305.49,288.62,16.870000000000005,1,0,0,0,0,,
850,21.33711,78.96799,2026-09-06 20:27:00,2,NEW_ABNORMAL_EVENT,FRP anomalous relative to sparse history (z=3.7).,,2.74,0,4.0,1.065,1.64,4.0,0.111,True,3.732682244129522,321.89,291.03,30.860000000000014,1,0,0,0,0,,
872,21.75565,83.84112,2026-09-06 20:27:00,0,PERSISTENT_SOURCE,"Recurring cell: 5 historical detections across 3 active days (11% of the observed span), FRP in line with its own history.",,2.29,0,5.0,3.638,10.06,3.0,0.111,True,-0.3522805395329639,317.79,291.67,26.120000000000005,1,0,0,0,0,,
546,21.96996,85.3136,2026-09-05 20:46:00,1,OTHER_ANOMALY,"Weak / one-off detection: low FRP (1.7), thin history (1 detections)",,1.69,0,1.0,0.61,0.61,1.0,1.0,True,,301.33,286.98,14.349999999999966,1,0,0,0,0,,
322,9.07853,80.46942,2026-09-05 08:13:00,2,NEW_ABNORMAL_EVENT,FRP well above the little history this cell has.,,3.71,0,1.0,1.79,1.79,1.0,1.0,True,,342.27,299.85,42.41999999999996,0,0,0,0,0,,
874,21.7565,83.84322,2026-09-06 20:27:00,0,PERSISTENT_SOURCE,"Recurring cell: 5 historical detections across 3 active days (11% of the observed span), FRP in line with its own history.",,3.17,0,5.0,3.638,10.06,3.0,0.111,True,-0.1223051131316224,333.59,292.75,40.839999999999975,1,0,0,0,0,,
545,21.57817,82.02279,2026-09-05 20:46:00,1,OTHER_ANOMALY,"Weak / one-off detection: low FRP (1.8), thin history (2 detections)",,1.82,0,2.0,1.05,1.36,1.0,1.0,True,1.7563620048827149,298.05,285.6,12.449999999999989,1,0,0,0,0,,
312,8.94314,80.37978,2026-09-05 08:13:00,2,NEW_ABNORMAL_EVENT,FRP well above the little history this cell has.,,5.81,0,1.0,2.58,2.58,1.0,1.0,True,,346.45,302.05,44.39999999999998,0,0,0,0,0,,
810,17.61002,83.20612,2026-09-06 20:27:00,0,PERSISTENT_SOURCE,"Recurring cell: 5 historical detections across 5 active days (11% of the observed span), FRP in line with its own history.",,2.1,0,5.0,2.208,3.29,5.0,0.106,True,-0.0897271830178722,320.93,288.29,32.639999999999986,1,0,0,0,0,,
544,21.33674,78.97054,2026-09-05 20:46:00,1,OTHER_ANOMALY,"Weak / one-off detection: low FRP (1.0), thin history (4 detections)",,1.04,0,4.0,1.065,1.64,4.0,0.111,True,-0.055711675285515,306.77,287.46,19.31,1,0,0,0,0,,
458,23.69583,87.12045,2026-09-05 19:06:00,2,NEW_ABNORMAL_EVENT,FRP anomalous relative to sparse history (z=2.3).,,2.7,0,2.0,1.11,1.59,1.0,1.0,True,2.3422912126804385,308.23,285.22,23.00999999999999,1,0,0,0,0,,
504,17.61234,83.206,2026-09-05 20:46:00,0,PERSISTENT_SOURCE,"Recurring cell: 5 historical detections across 5 active days (11% of the observed span), FRP in line with its own history.",,2.84,0,5.0,2.208,3.29,5.0,0.106,True,0.5250701821045851,310.53,289.95,20.579999999999984,1,0,0,0,0,,
542,20.98341,85.13425,2026-09-05 20:46:00,1,OTHER_ANOMALY,"Weak / one-off detection: low FRP (1.4), thin history (4 detections)",,1.44,0,4.0,1.9025,2.63,4.0,0.16,True,-0.8743161103228761,304.37,287.74,16.629999999999995,1,0,0,0,0,,
459,23.69684,87.10555,2026-09-05 19:06:00,2,NEW_ABNORMAL_EVENT,FRP well above the little history this cell has.,,4.09,0,1.0,0.63,0.63,1.0,1.0,True,,302.82,285.1,17.71999999999997,1,0,0,0,0,,
507,20.75956,85.29154,2026-09-05 20:46:00,0,PERSISTENT_SOURCE,"Recurring cell: 5 historical detections across 3 active days (9% of the observed span), FRP in line with its own history.",,1.38,0,5.0,2.12,2.83,3.0,0.088,True,-1.0935098214761545,300.22,276.32,23.900000000000038,1,0,0,0,0,,
493,15.22608,76.76495,2026-09-05 20:46:00,1,OTHER_ANOMALY,"Weak / one-off detection: low FRP (1.1), thin history (4 detections)",,1.06,0,4.0,1.1,1.96,4.0,0.333,True,-0.0697580106415156,308.86,291.56,17.30000000000001,1,0,0,0,0,,
347,10.92989,77.06577,2026-09-05 08:16:00,2,NEW_ABNORMAL_EVENT,FRP well above the little history this cell has.,,3.75,1,1.0,0.93,0.93,1.0,1.0,True,,339.03,308.06,30.96999999999997,0,0,0,0,0,,
808,17.60352,83.2003,2026-09-06 20:27:00,0,PERSISTENT_SOURCE,"Recurring cell: 5 historical detections across 4 active days (8% of the observed span), FRP in line with its own history.",,1.62,0,5.0,2.158,3.28,4.0,0.085,True,-0.6864121280867501,306.86,288.38,18.480000000000015,1,0,0,0,0,,
492,15.18671,76.64958,2026-09-05 20:46:00,1,OTHER_ANOMALY,"Weak / one-off detection: low FRP (1.6), no baseline",,1.58,0,0.0,0.0,0.0,0.0,0.0,False,,306.13,292.46,13.670000000000016,1,0,0,0,0,,
873,21.75631,84.02211,2026-09-06 20:27:00,2,NEW_ABNORMAL_EVENT,FRP anomalous relative to sparse history (z=2.7).,,2.37,0,6.0,1.0683333333333334,1.97,2.0,0.167,True,2.671207343469325,304.46,286.86,17.599999999999966,1,0,0,0,0,,
491,15.18638,76.31535,2026-09-05 20:46:00,1,OTHER_ANOMALY,"Weak / one-off detection: low FRP (1.4), thin history (1 detections)",,1.39,0,1.0,2.2,2.2,1.0,1.0,True,,313.8,292.18,21.620000000000005,1,0,0,0,0,,
821,19.9218,79.11452,2026-09-06 20:27:00,2,NEW_ABNORMAL_EVENT,FRP well above the little history this cell has.,,1.9,0,1.0,0.8,0.8,1.0,1.0,True,,308.01,293.39,14.620000000000005,1,0,0,0,0,,
703,8.22669,80.60183,2026-09-06 07:56:00,1,OTHER_ANOMALY,"Weak / one-off detection: no baseline, low FIRMS confidence",,4.55,1,0.0,0.0,0.0,0.0,0.0,False,,335.12,299.46,35.660000000000025,0,0,0,0,0,,
835,20.96206,86.01067,2026-09-06 20:27:00,2,NEW_ABNORMAL_EVENT,FRP anomalous relative to sparse history (z=3.3).,,3.82,0,2.0,1.66,2.12,2.0,0.041,True,3.320327494267266,312.43,290.34,22.090000000000032,1,0,0,0,0,,
389,15.16295,78.87427,2026-09-05 08:16:00,1,OTHER_ANOMALY,"Weak / one-off detection: no baseline, low FIRMS confidence",,3.6,1,0.0,0.0,0.0,0.0,0.0,False,,337.1,307.74,29.360000000000014,0,0,0,0,0,,
829,20.79493,85.25308,2026-09-06 20:27:00,2,NEW_ABNORMAL_EVENT,FRP anomalous relative to sparse history (z=3.0).,,9.48,0,4.0,3.4075,6.05,3.0,0.081,True,2.981151385852177,339.28,290.53,48.75,1,0,0,0,0,,
403,15.9781,78.4109,2026-09-05 08:16:00,1,OTHER_ANOMALY,Weak / one-off detection: no baseline,,3.85,0,0.0,0.0,0.0,0.0,0.0,False,,334.76,302.36,32.39999999999998,0,0,0,0,0,,
788,24.1597,82.56544,2026-09-06 08:01:00,2,NEW_ABNORMAL_EVENT,FRP well above the little history this cell has.,,3.44,0,1.0,0.96,0.96,1.0,1.0,True,,335.99,294.03,41.96000000000004,0,0,0,0,0,,
402,15.9341,78.1999,2026-09-05 08:16:00,1,OTHER_ANOMALY,Weak / one-off detection: no baseline,,2.24,0,0.0,0.0,0.0,0.0,0.0,False,,330.62,297.99,32.629999999999995,0,0,0,0,0,,
886,21.85982,83.96837,2026-09-06 20:27:00,2,NEW_ABNORMAL_EVENT,FRP well above the little history this cell has.,,2.05,0,1.0,0.85,0.85,1.0,1.0,True,,305.16,289.61,15.550000000000011,1,0,0,0,0,,
399,15.57417,78.94083,2026-09-05 08:16:00,1,OTHER_ANOMALY,"Weak / one-off detection: no baseline, low FIRMS confidence",,3.19,1,0.0,0.0,0.0,0.0,0.0,False,,332.99,303.61,29.379999999999995,0,0,0,0,0,,
878,21.76197,83.8469,2026-09-06 20:27:00,2,NEW_ABNORMAL_EVENT,FRP anomalous relative to sparse history (z=28.2).,,4.3,0,2.0,2.905,2.94,1.0,1.0,True,28.18325599300665,321.7,291.55,30.149999999999977,1,1,1,1,0,988.0,741.3
398,15.54765,78.12994,2026-09-05 08:16:00,1,OTHER_ANOMALY,Weak / one-off detection: no baseline,,3.47,0,0.0,0.0,0.0,0.0,0.0,False,,338.43,303.03,35.400000000000034,0,0,0,0,0,,
885,21.82608,83.90034,2026-09-06 20:27:00,2,NEW_ABNORMAL_EVENT,FRP well above the little history this cell has.,,2.21,0,1.0,0.53,0.53,1.0,1.0,True,,307.09,291.03,16.060000000000002,1,0,0,0,0,,
412,17.07409,78.59189,2026-09-05 08:16:00,1,OTHER_ANOMALY,Weak / one-off detection: no baseline,,3.91,0,0.0,0.0,0.0,0.0,0.0,False,,334.67,300.67,34.0,0,0,0,0,0,,
880,21.76783,84.01991,2026-09-06 20:27:00,2,NEW_ABNORMAL_EVENT,FRP well above the little history this cell has.,,2.97,0,2.0,1.45,1.45,1.0,1.0,True,,302.77,287.51,15.259999999999993,1,0,0,0,0,,
728,8.51295,80.54437,2026-09-06 07:56:00,1,OTHER_ANOMALY,Weak / one-off detection: no baseline,,3.69,0,0.0,0.0,0.0,0.0,0.0,False,,332.69,295.51,37.18000000000001,0,0,0,0,0,,
879,21.76425,84.01917,2026-09-06 20:27:00,2,NEW_ABNORMAL_EVENT,FRP anomalous relative to sparse history (z=2.1).,,2.08,0,6.0,1.0683333333333334,1.97,2.0,0.167,True,2.0760856049755185,303.28,286.8,16.47999999999996,1,0,0,0,0,,
727,8.51251,80.54554,2026-09-06 07:56:00,1,OTHER_ANOMALY,"Weak / one-off detection: no baseline, low FIRMS confidence",,3.9,1,0.0,0.0,0.0,0.0,0.0,False,,331.71,296.75,34.95999999999998,0,0,0,0,0,,
543,21.00243,86.02597,2026-09-05 20:46:00,2,NEW_ABNORMAL_EVENT,FRP anomalous relative to sparse history (z=7.4).,,3.58,0,4.0,0.875,1.34,3.0,0.143,True,7.384905706787096,306.67,288.82,17.850000000000023,1,0,0,0,0,,
741,8.64496,78.06096,2026-09-06 07:56:00,1,OTHER_ANOMALY,Weak / one-off detection: no baseline,,3.84,0,0.0,0.0,0.0,0.0,0.0,False,,334.28,298.39,35.889999999999986,0,0,0,0,0,,
916,14.60554,78.52198,2026-09-06 20:29:00,2,NEW_ABNORMAL_EVENT,FRP well above the little history this cell has.,,1.9,0,1.0,0.67,0.67,1.0,1.0,True,,308.55,283.51,25.04000000000002,1,0,0,0,0,,
740,8.64313,78.06151,2026-09-06 07:56:00,1,OTHER_ANOMALY,Weak / one-off detection: no baseline,,3.63,0,0.0,0.0,0.0,0.0,0.0,False,,334.8,298.2,36.60000000000002,0,0,0,0,0,,
884,21.80195,83.89095,2026-09-06 20:27:00,2,NEW_ABNORMAL_EVENT,FRP well above the little history this cell has.,,4.49,0,1.0,0.38,0.38,1.0,1.0,True,,326.15,291.26,34.889999999999986,1,0,0,0,0,,
739,8.63741,80.64435,2026-09-06 07:56:00,1,OTHER_ANOMALY,"Weak / one-off detection: no baseline, low FIRMS confidence",,4.35,1,0.0,0.0,0.0,0.0,0.0,False,,330.11,300.41,29.69999999999999,0,0,0,0,0,,
551,22.20868,84.86357,2026-09-05 20:46:00,2,NEW_ABNORMAL_EVENT,FRP anomalous relative to sparse history (z=12.6).,,3.01,0,2.0,1.58,1.66,1.0,1.0,True,12.63953371370953,304.19,288.58,15.610000000000014,1,1,1,0,0,1261.4,
623,17.6949,83.24507,2026-09-05 20:49:00,1,OTHER_ANOMALY,Weak / one-off detection: no baseline,,3.38,0,0.0,0.0,0.0,0.0,0.0,False,,309.35,290.69,18.660000000000025,1,0,0,0,0,,
1063,20.88653,84.98221,2026-09-07 07:39:00,2,NEW_ABNORMAL_EVENT,FRP anomalous relative to sparse history (z=3.7).,,6.25,0,3.0,2.03,3.33,3.0,0.05,True,3.715502824694133,332.89,299.3,33.589999999999975,0,0,0,0,0,,
460,15.12367,94.78321,2026-09-05 19:08:00,1,OTHER_ANOMALY,Weak / one-off detection: no baseline,,2.34,0,0.0,0.0,0.0,0.0,0.0,False,,307.5,289.41,18.08999999999997,1,0,0,0,0,,
1066,20.96409,86.00706,2026-09-07 07:39:00,2,NEW_ABNORMAL_EVENT,FRP anomalous relative to sparse history (z=10.9).,,8.78,0,2.0,1.66,2.12,2.0,0.041,True,10.94478322184395,339.73,300.76,38.97000000000003,0,0,0,0,0,,
620,14.15012,77.59451,2026-09-05 20:49:00,1,OTHER_ANOMALY,"Weak / one-off detection: low FRP (1.2), no baseline",,1.16,0,0.0,0.0,0.0,0.0,0.0,False,,305.37,293.27,12.100000000000025,1,0,0,0,0,,
1068,20.96964,86.0212,2026-09-07 07:39:00,2,NEW_ABNORMAL_EVENT,FRP anomalous relative to sparse history (z=24.7).,,4.31,0,4.0,0.89,1.01,2.0,0.125,True,24.6817240078565,330.75,299.51,31.24000000000001,0,1,1,0,0,1069.9,
619,13.89843,76.56497,2026-09-05 20:49:00,1,OTHER_ANOMALY,"Weak / one-off detection: low FRP (1.2), thin history (2 detections)",,1.25,0,2.0,0.675,0.73,2.0,0.08,True,7.392479985132084,313.55,293.28,20.27000000000004,1,0,0,0,0,,
157,8.12158,80.80904,2026-09-05 08:13:00,2,NEW_ABNORMAL_EVENT,FRP anomalous relative to sparse history (z=13.2).,,7.76,0,5.0,1.898,2.69,1.0,1.0,True,13.15660029689106,340.0,304.96,35.04000000000002,0,1,0,0,0,,
628,20.65857,78.49527,2026-09-05 20:49:00,1,OTHER_ANOMALY,"Weak / one-off detection: low FRP (0.7), no baseline",,0.7,0,0.0,0.0,0.0,0.0,0.0,False,,304.78,289.97,14.809999999999944,1,0,0,0,0,,
1086,22.57426,85.89369,2026-09-07 07:39:00,2,NEW_ABNORMAL_EVENT,FRP anomalous relative to sparse history (z=17.4).,,3.54,0,2.0,1.5699999999999998,1.65,2.0,0.667,True,17.41250448671873,339.35,297.88,41.47000000000003,0,1,1,0,0,260.7,
473,15.13741,76.7094,2026-09-05 20:46:00,1,OTHER_ANOMALY,"Weak / one-off detection: low FRP (1.1), thin history (4 detections)",,1.14,0,4.0,0.7075,1.0,4.0,0.091,True,1.4144892812989804,307.17,291.66,15.509999999999993,1,0,0,0,0,,
1062,20.87168,84.99634,2026-09-07 07:39:00,2,NEW_ABNORMAL_EVENT,FRP anomalous relative to sparse history (z=24.1).,,8.12,0,3.0,1.653333333333333,1.86,3.0,0.107,True,24.0942670262516,343.09,298.42,44.66999999999996,0,1,1,0,0,1453.9,
479,15.17453,76.67966,2026-09-05 20:46:00,1,OTHER_ANOMALY,"Weak / one-off detection: low FRP (1.2), no baseline",,1.17,0,0.0,0.0,0.0,0.0,0.0,False,,305.76,292.15,13.610000000000014,1,0,0,0,0,,
1079,21.7569,83.84543,2026-09-07 07:39:00,2,NEW_ABNORMAL_EVENT,FRP anomalous relative to sparse history (z=100.3).,,7.87,1,2.0,2.905,2.94,1.0,1.0,True,100.30814767403444,336.81,299.79,37.01999999999998,0,1,1,1,0,988.0,741.3
431,22.831,69.52864,2026-09-05 08:18:00,1,OTHER_ANOMALY,Weak / one-off detection: no baseline,,2.4,0,0.0,0.0,0.0,0.0,0.0,False,,338.61,298.65,39.96000000000004,0,0,0,0,0,,
1080,21.76431,83.84805,2026-09-07 07:39:00,2,NEW_ABNORMAL_EVENT,FRP anomalous relative to sparse history (z=44.7).,,5.12,1,2.0,2.905,2.94,1.0,1.0,True,44.749757723662896,333.67,296.86,36.81,0,1,1,1,0,988.0,741.3
444,31.73204,74.48511,2026-09-05 08:22:00,1,OTHER_ANOMALY,Weak / one-off detection: no baseline,,4.36,0,0.0,0.0,0.0,0.0,0.0,False,,340.17,298.88,41.29000000000002,0,0,0,0,0,,
1081,21.76809,84.01927,2026-09-07 07:39:00,2,NEW_ABNORMAL_EVENT,FRP well above the little history this cell has.,,7.95,1,2.0,1.45,1.45,1.0,1.0,True,,330.61,299.44,31.170000000000016,0,0,0,0,0,,
506,18.04078,74.8643,2026-09-05 20:46:00,1,OTHER_ANOMALY,"Weak / one-off detection: low FRP (0.8), no baseline",,0.83,0,0.0,0.0,0.0,0.0,0.0,False,,310.8,290.71,20.090000000000032,1,0,0,0,0,,
1082,21.80306,83.89296,2026-09-07 07:39:00,2,NEW_ABNORMAL_EVENT,FRP well above the little history this cell has.,,5.38,1,1.0,0.38,0.38,1.0,1.0,True,,335.17,299.72,35.44999999999999,0,0,0,0,0,,
502,17.14167,77.18513,2026-09-05 20:46:00,1,OTHER_ANOMALY,"Weak / one-off detection: low FRP (1.7), no baseline",,1.68,0,0.0,0.0,0.0,0.0,0.0,False,,308.39,292.92,15.46999999999997,1,0,0,0,0,,
158,8.12212,80.81266,2026-09-05 08:13:00,2,NEW_ABNORMAL_EVENT,FRP anomalous relative to sparse history (z=13.2).,,7.76,0,5.0,1.898,2.69,1.0,1.0,True,13.15660029689106,356.8,306.15,50.650000000000034,0,1,0,0,0,,
516,20.88604,84.98206,2026-09-05 20:46:00,1,OTHER_ANOMALY,"Weak / one-off detection: low FRP (1.7), thin history (3 detections)",,1.67,0,3.0,2.03,3.33,3.0,0.05,True,-0.3169623262772244,325.41,288.97,36.44,1,0,0,0,0,,
178,8.37896,80.17594,2026-09-05 08:13:00,2,NEW_ABNORMAL_EVENT,FRP well above the little history this cell has.,,22.11,0,1.0,1.57,1.57,1.0,1.0,True,,350.32,306.7,43.620000000000005,0,0,0,0,0,,
515,20.88534,84.98534,2026-09-05 20:46:00,1,OTHER_ANOMALY,"Weak / one-off detection: low FRP (1.7), no baseline",,1.67,0,0.0,0.0,0.0,0.0,0.0,False,,305.67,288.63,17.04000000000002,1,0,0,0,0,,
461,15.1244,94.77791,2026-09-05 19:08:00,1,OTHER_ANOMALY,Weak / one-off detection: no baseline,,2.34,0,0.0,0.0,0.0,0.0,0.0,False,,308.39,289.6,18.789999999999964,1,0,0,0,0,,
621,14.15089,77.59003,2026-09-05 20:49:00,1,OTHER_ANOMALY,Weak / one-off detection: no baseline,,2.02,0,0.0,0.0,0.0,0.0,0.0,False,,320.11,293.75,26.360000000000014,1,0,0,0,0,,
227,8.55502,80.72415,2026-09-05 08:13:00,1,OTHER_ANOMALY,Weak / one-off detection: no baseline,,5.26,0,0.0,0.0,0.0,0.0,0.0,False,,342.86,304.07,38.79000000000002,0,0,0,0,0,,
225,8.54884,80.63599,2026-09-05 08:13:00,1,OTHER_ANOMALY,Weak / one-off detection: no baseline,,2.2,0,0.0,0.0,0.0,0.0,0.0,False,,332.68,302.05,30.629999999999995,0,0,0,0,0,,
224,8.53882,80.85044,2026-09-05 08:13:00,1,OTHER_ANOMALY,Weak / one-off detection: no baseline,,4.79,0,0.0,0.0,0.0,0.0,0.0,False,,338.61,303.78,34.83000000000004,0,0,0,0,0,,
223,8.53777,80.77148,2026-09-05 08:13:00,1,OTHER_ANOMALY,Weak / one-off detection: no baseline,,3.59,0,0.0,0.0,0.0,0.0,0.0,False,,334.33,302.82,31.50999999999999,0,0,0,0,0,,
221,8.52262,80.27681,2026-09-05 08:13:00,1,OTHER_ANOMALY,Weak / one-off detection: no baseline,,4.82,0,0.0,0.0,0.0,0.0,0.0,False,,343.17,303.9,39.27000000000004,0,0,0,0,0,,
1051,17.01457,79.93188,2026-09-07 07:39:00,1,OTHER_ANOMALY,Weak / one-off detection: no baseline,,4.75,0,0.0,0.0,0.0,0.0,0.0,False,,334.31,292.52,41.79000000000002,0,0,0,0,0,,
1050,16.90787,79.90573,2026-09-07 07:39:00,1,OTHER_ANOMALY,Weak / one-off detection: no baseline,,3.14,0,0.0,0.0,0.0,0.0,0.0,False,,331.26,291.63,39.63,0,0,0,0,0,,
1049,16.87874,80.85161,2026-09-07 07:39:00,1,OTHER_ANOMALY,Weak / one-off detection: no baseline,,3.28,0,0.0,0.0,0.0,0.0,0.0,False,,338.45,295.2,43.25,0,0,0,0,0,,
1048,16.42542,79.45825,2026-09-07 07:39:00,1,OTHER_ANOMALY,Weak / one-off detection: no baseline,,4.47,0,0.0,0.0,0.0,0.0,0.0,False,,334.26,295.46,38.80000000000001,0,0,0,0,0,,
1047,16.1232,79.9809,2026-09-07 07:37:00,1,OTHER_ANOMALY,Weak / one-off detection: no baseline,,3.29,0,0.0,0.0,0.0,0.0,0.0,False,,335.62,297.28,38.34000000000003,0,0,0,0,0,,
1046,15.78737,78.27644,2026-09-07 07:37:00,1,OTHER_ANOMALY,"Weak / one-off detection: low FRP (1.5), no baseline",,1.5,0,0.0,0.0,0.0,0.0,0.0,False,,330.57,295.03,35.54000000000002,0,0,0,0,0,,
501,17.13956,77.17656,2026-09-05 20:46:00,1,OTHER_ANOMALY,"Weak / one-off detection: low FRP (1.6), thin history (4 detections)",,1.56,0,4.0,0.615,0.97,4.0,0.089,True,3.5209921144032634,306.26,293.0,13.259999999999993,1,0,0,0,0,,
1035,13.39129,78.55532,2026-09-07 07:37:00,1,OTHER_ANOMALY,Weak / one-off detection: no baseline,,2.84,0,0.0,0.0,0.0,0.0,0.0,False,,336.72,298.92,37.80000000000001,0,0,0,0,0,,
1034,13.33688,77.90711,2026-09-07 07:37:00,1,OTHER_ANOMALY,Weak / one-off detection: no baseline,,4.79,0,0.0,0.0,0.0,0.0,0.0,False,,341.01,304.06,36.94999999999999,0,0,0,0,0,,
1033,13.29172,78.11819,2026-09-07 07:37:00,1,OTHER_ANOMALY,"Weak / one-off detection: no baseline, low FIRMS confidence",,2.95,1,0.0,0.0,0.0,0.0,0.0,False,,330.13,304.36,25.769999999999985,0,0,0,0,0,,
1032,12.62981,79.35361,2026-09-07 07:37:00,1,OTHER_ANOMALY,Weak / one-off detection: no baseline,,2.88,0,0.0,0.0,0.0,0.0,0.0,False,,333.59,297.1,36.48999999999995,0,0,0,0,0,,
1031,10.76486,79.56414,2026-09-07 07:37:00,1,OTHER_ANOMALY,Weak / one-off detection: no baseline,,4.29,0,0.0,0.0,0.0,0.0,0.0,False,,335.07,295.31,39.75999999999999,0,0,0,0,0,,
1030,10.65692,77.37951,2026-09-07 07:37:00,1,OTHER_ANOMALY,Weak / one-off detection: no baseline,,4.96,0,0.0,0.0,0.0,0.0,0.0,False,,330.62,298.11,32.50999999999999,0,0,0,0,0,,
1045,15.69215,80.01839,2026-09-07 07:37:00,1,OTHER_ANOMALY,Weak / one-off detection: no baseline,,4.75,0,0.0,0.0,0.0,0.0,0.0,False,,334.19,300.16,34.02999999999997,0,0,0,0,0,,
1041,14.77676,79.65521,2026-09-07 07:37:00,1,OTHER_ANOMALY,Weak / one-off detection: no baseline,,4.63,0,0.0,0.0,0.0,0.0,0.0,False,,331.62,292.91,38.70999999999998,0,0,0,0,0,,
1040,14.47812,77.5274,2026-09-07 07:37:00,1,OTHER_ANOMALY,Weak / one-off detection: no baseline,,5.12,0,0.0,0.0,0.0,0.0,0.0,False,,333.85,296.59,37.26000000000005,0,0,0,0,0,,
1039,14.29615,77.58157,2026-09-07 07:37:00,1,OTHER_ANOMALY,Weak / one-off detection: no baseline,,4.19,0,0.0,0.0,0.0,0.0,0.0,False,,330.2,296.64,33.56,0,0,0,0,0,,
952,11.72184,76.97085,2026-09-06 20:32:00,1,OTHER_ANOMALY,"Weak / one-off detection: low FRP (1.3), no baseline",,1.32,0,0.0,0.0,0.0,0.0,0.0,False,,307.81,275.69,32.120000000000005,1,0,0,0,0,,
951,10.90913,77.41766,2026-09-06 20:32:00,1,OTHER_ANOMALY,"Weak / one-off detection: low FRP (0.8), no baseline",,0.84,0,0.0,0.0,0.0,0.0,0.0,False,,305.74,292.29,13.449999999999989,1,0,0,0,0,,
1036,13.39136,78.55396,2026-09-07 07:37:00,1,OTHER_ANOMALY,Weak / one-off detection: no baseline,,1.87,0,0.0,0.0,0.0,0.0,0.0,False,,346.49,299.5,46.99000000000001,0,0,0,0,0,,
498,15.3352,76.28614,2026-09-05 20:46:00,1,OTHER_ANOMALY,"Weak / one-off detection: low FRP (0.8), no baseline",,0.84,0,0.0,0.0,0.0,0.0,0.0,False,,312.29,291.87,20.420000000000016,1,0,0,0,0,,
496,15.309,76.2541,2026-09-05 20:46:00,1,OTHER_ANOMALY,"Weak / one-off detection: low FRP (0.6), thin history (1 detections)",,0.61,0,1.0,0.59,0.59,1.0,1.0,True,,302.96,290.92,12.039999999999964,1,0,0,0,0,,
495,15.3005,76.22136,2026-09-05 20:46:00,1,OTHER_ANOMALY,"Weak / one-off detection: low FRP (0.7), thin history (2 detections)",,0.72,0,2.0,0.605,0.69,2.0,0.2,True,0.9566738804288588,303.55,291.33,12.220000000000027,1,0,0,0,0,,
494,15.22675,76.76101,2026-09-05 20:46:00,1,OTHER_ANOMALY,"Weak / one-off detection: low FRP (1.1), thin history (4 detections)",,1.06,0,4.0,1.1,1.96,4.0,0.333,True,-0.0697580106415156,305.38,291.57,13.810000000000002,1,0,0,0,0,,
607,24.44885,83.0391,2026-09-05 20:46:00,1,OTHER_ANOMALY,"Weak / one-off detection: low FRP (0.7), no baseline",,0.66,0,0.0,0.0,0.0,0.0,0.0,False,,300.77,280.08,20.69,1,0,0,0,0,,
617,13.41842,75.98045,2026-09-05 20:49:00,1,OTHER_ANOMALY,"Weak / one-off detection: low FRP (0.7), no baseline",,0.73,0,0.0,0.0,0.0,0.0,0.0,False,,306.9,291.32,15.579999999999984,1,0,0,0,0,,
616,13.16142,80.28448,2026-09-05 20:49:00,1,OTHER_ANOMALY,Weak / one-off detection: thin history (4 detections),,1.99,0,4.0,5.015,11.5,2.0,0.095,True,-0.6596250470370321,309.21,289.81,19.399999999999977,1,0,0,0,0,,
615,13.16123,80.28672,2026-09-05 20:49:00,1,OTHER_ANOMALY,Weak / one-off detection: no baseline,,2.49,0,0.0,0.0,0.0,0.0,0.0,False,,323.74,289.72,34.01999999999998,1,0,0,0,0,,
614,13.16061,80.2888,2026-09-05 20:49:00,1,OTHER_ANOMALY,"Weak / one-off detection: low FRP (1.1), no baseline",,1.1,0,0.0,0.0,0.0,0.0,0.0,False,,315.1,289.67,25.430000000000007,1,0,0,0,0,,
613,12.62502,79.78784,2026-09-05 20:49:00,1,OTHER_ANOMALY,"Weak / one-off detection: low FRP (1.6), no baseline",,1.63,0,0.0,0.0,0.0,0.0,0.0,False,,308.38,289.72,18.659999999999968,1,0,0,0,0,,
612,11.6361,77.65678,2026-09-05 20:49:00,1,OTHER_ANOMALY,Weak / one-off detection: no baseline,,2.4,0,0.0,0.0,0.0,0.0,0.0,False,,327.2,290.59,36.610000000000014,1,0,0,0,0,,
611,8.12086,80.55772,2026-09-05 20:49:00,1,OTHER_ANOMALY,"Weak / one-off detection: low FRP (1.1), no baseline",,1.13,0,0.0,0.0,0.0,0.0,0.0,False,,304.17,284.69,19.480000000000015,1,0,0,0,0,,
228,8.55556,80.72779,2026-09-05 08:13:00,1,OTHER_ANOMALY,Weak / one-off detection: no baseline,,4.63,0,0.0,0.0,0.0,0.0,0.0,False,,340.95,304.43,36.51999999999998,0,0,0,0,0,,
555,22.36706,87.01907,2026-09-05 20:46:00,1,OTHER_ANOMALY,"Weak / one-off detection: low FRP (1.1), thin history (3 detections)",,1.12,0,3.0,1.2966666666666666,1.6,3.0,0.167,True,-0.6628626021617112,313.72,289.89,23.83000000000004,1,0,0,0,0,,
569,22.59233,85.90408,2026-09-05 20:46:00,1,OTHER_ANOMALY,"Weak / one-off detection: low FRP (0.8), thin history (3 detections)",,0.78,0,3.0,1.35,1.66,2.0,0.333,True,-2.093947321356338,305.92,288.9,17.02000000000004,1,0,0,0,0,,
568,22.57335,85.89222,2026-09-05 20:46:00,1,OTHER_ANOMALY,"Weak / one-off detection: low FRP (1.6), thin history (2 detections)",,1.64,0,2.0,1.5699999999999998,1.65,2.0,0.667,True,0.6187184335382294,307.09,289.03,18.06,1,1,1,0,0,260.7,
567,22.57314,85.89168,2026-09-05 20:46:00,1,OTHER_ANOMALY,"Weak / one-off detection: low FRP (1.6), thin history (2 detections)",,1.6,0,2.0,1.5699999999999998,1.65,2.0,0.667,True,0.2651650429449574,307.27,289.17,18.09999999999997,1,1,1,0,0,260.7,
576,22.79832,86.20602,2026-09-05 20:46:00,1,OTHER_ANOMALY,"Weak / one-off detection: low FRP (1.4), thin history (4 detections)",,1.44,0,4.0,2.505,6.95,4.0,0.174,True,-0.3554617419014675,319.84,288.96,30.879999999999995,1,0,0,0,0,,
1023,8.94231,80.89068,2026-09-07 07:37:00,1,OTHER_ANOMALY,Weak / one-off detection: no baseline,,4.81,0,0.0,0.0,0.0,0.0,0.0,False,,334.28,290.41,43.86999999999995,0,0,0,0,0,,
1037,13.8661,79.33069,2026-09-07 07:37:00,1,OTHER_ANOMALY,Weak / one-off detection: no baseline,,4.15,0,0.0,0.0,0.0,0.0,0.0,False,,333.82,294.2,39.620000000000005,0,0,0,0,0,,
219,8.51206,80.76469,2026-09-05 08:13:00,1,OTHER_ANOMALY,Weak / one-off detection: thin history (1 detections),,3.0,0,1.0,2.0,2.0,1.0,1.0,True,,338.72,301.96,36.76000000000005,0,0,0,0,0,,
218,8.50867,80.7652,2026-09-05 08:13:00,1,OTHER_ANOMALY,Weak / one-off detection: no baseline,,3.84,0,0.0,0.0,0.0,0.0,0.0,False,,341.02,304.22,36.79999999999996,0,0,0,0,0,,
217,8.50431,80.62106,2026-09-05 08:13:00,1,OTHER_ANOMALY,Weak / one-off detection: no baseline,,2.91,0,0.0,0.0,0.0,0.0,0.0,False,,337.01,304.53,32.48000000000002,0,0,0,0,0,,
216,8.50354,80.66186,2026-09-05 08:13:00,1,OTHER_ANOMALY,Weak / one-off detection: no baseline,,4.53,0,0.0,0.0,0.0,0.0,0.0,False,,336.63,299.62,37.00999999999999,0,0,0,0,0,,
215,8.49961,80.21492,2026-09-05 08:13:00,1,OTHER_ANOMALY,"Weak / one-off detection: no baseline, low FIRMS confidence",,3.06,1,0.0,0.0,0.0,0.0,0.0,False,,333.2,303.29,29.909999999999968,0,0,0,0,0,,
610,26.75865,83.20107,2026-09-05 20:46:00,1,OTHER_ANOMALY,"Weak / one-off detection: low FRP (1.1), thin history (2 detections)",,1.1,0,2.0,2.065,2.97,2.0,0.083,True,-0.7539867887790256,303.4,284.8,18.59999999999997,1,0,0,0,0,,
775,17.31903,82.25283,2026-09-06 07:58:00,1,OTHER_ANOMALY,Weak / one-off detection: no baseline,,3.74,0,0.0,0.0,0.0,0.0,0.0,False,,335.47,297.73,37.74000000000001,0,0,0,0,0,,
774,17.24984,78.81324,2026-09-06 07:58:00,1,OTHER_ANOMALY,Weak / one-off detection: no baseline,,4.69,0,0.0,0.0,0.0,0.0,0.0,False,,332.6,299.0,33.60000000000002,0,0,0,0,0,,
789,25.70847,73.58088,2026-09-06 08:01:00,1,OTHER_ANOMALY,Weak / one-off detection: no baseline,,2.5,0,0.0,0.0,0.0,0.0,0.0,False,,331.75,298.37,33.379999999999995,0,0,0,0,0,,
787,23.63325,70.43996,2026-09-06 08:01:00,1,OTHER_ANOMALY,Weak / one-off detection: no baseline,,4.13,0,0.0,0.0,0.0,0.0,0.0,False,,335.41,295.9,39.51000000000005,0,0,0,0,0,,
379,14.59007,76.56956,2026-09-05 08:16:00,1,OTHER_ANOMALY,"Weak / one-off detection: no baseline, low FIRMS confidence",,2.28,1,0.0,0.0,0.0,0.0,0.0,False,,333.14,301.11,32.02999999999997,0,0,0,0,0,,
375,14.52509,79.062,2026-09-05 08:16:00,1,OTHER_ANOMALY,Weak / one-off detection: no baseline,,4.51,0,0.0,0.0,0.0,0.0,0.0,False,,341.72,307.25,34.47000000000003,0,0,0,0,0,,
374,14.46633,77.33766,2026-09-05 08:16:00,1,OTHER_ANOMALY,Weak / one-off detection: no baseline,,5.56,0,0.0,0.0,0.0,0.0,0.0,False,,338.22,307.13,31.090000000000032,0,0,0,0,0,,
387,15.05285,77.10738,2026-09-05 08:16:00,1,OTHER_ANOMALY,Weak / one-off detection: no baseline,,3.63,0,0.0,0.0,0.0,0.0,0.0,False,,337.92,305.06,32.860000000000014,0,0,0,0,0,,
386,14.95491,75.19309,2026-09-05 08:16:00,1,OTHER_ANOMALY,Weak / one-off detection: no baseline,,2.89,0,0.0,0.0,0.0,0.0,0.0,False,,333.16,295.4,37.76000000000005,0,0,0,0,0,,
381,14.66658,78.99778,2026-09-05 08:16:00,1,OTHER_ANOMALY,Weak / one-off detection: no baseline,,3.54,0,0.0,0.0,0.0,0.0,0.0,False,,341.44,306.16,35.27999999999997,0,0,0,0,0,,
332,9.41477,80.45859,2026-09-05 08:13:00,1,OTHER_ANOMALY,"Weak / one-off detection: low FRP (1.4), no baseline",,1.4,0,0.0,0.0,0.0,0.0,0.0,False,,333.53,301.82,31.70999999999998,0,0,0,0,0,,
445,34.09272,72.01049,2026-09-05 08:22:00,1,OTHER_ANOMALY,Weak / one-off detection: no baseline,,3.05,0,0.0,0.0,0.0,0.0,0.0,False,,335.65,297.0,38.64999999999998,0,0,0,0,0,,
330,9.4007,80.457,2026-09-05 08:13:00,1,OTHER_ANOMALY,Weak / one-off detection: no baseline,,3.23,0,0.0,0.0,0.0,0.0,0.0,False,,345.83,302.17,43.65999999999997,0,0,0,0,0,,
329,9.39375,78.88885,2026-09-05 08:13:00,1,OTHER_ANOMALY,Weak / one-off detection: thin history (1 detections),,4.57,0,1.0,6.1,6.1,1.0,1.0,True,,340.06,303.67,36.38999999999999,0,0,0,0,0,,
328,9.39164,80.4658,2026-09-05 08:13:00,1,OTHER_ANOMALY,Weak / one-off detection: no baseline,,3.04,0,0.0,0.0,0.0,0.0,0.0,False,,337.53,301.81,35.71999999999997,0,0,0,0,0,,
327,9.38173,80.51563,2026-09-05 08:13:00,1,OTHER_ANOMALY,Weak / one-off detection: no baseline,,3.37,0,0.0,0.0,0.0,0.0,0.0,False,,339.27,301.01,38.25999999999999,0,0,0,0,0,,
325,9.30931,78.79927,2026-09-05 08:13:00,1,OTHER_ANOMALY,Weak / one-off detection: no baseline,,4.62,0,0.0,0.0,0.0,0.0,0.0,False,,340.57,302.17,38.39999999999998,0,0,0,0,0,,
340,10.54381,79.22341,2026-09-05 08:13:00,1,OTHER_ANOMALY,Weak / one-off detection: no baseline,,5.35,0,0.0,0.0,0.0,0.0,0.0,False,,346.01,303.01,43.0,0,0,0,0,0,,
339,9.77927,80.18752,2026-09-05 08:13:00,1,OTHER_ANOMALY,Weak / one-off detection: thin history (1 detections),,3.52,0,1.0,4.4,4.4,1.0,1.0,True,,340.77,299.6,41.16999999999996,0,0,0,0,0,,
338,9.76191,80.18646,2026-09-05 08:13:00,1,OTHER_ANOMALY,Weak / one-off detection: no baseline,,4.1,0,0.0,0.0,0.0,0.0,0.0,False,,341.75,297.91,43.839999999999975,0,0,0,0,0,,
337,9.76186,79.01588,2026-09-05 08:13:00,1,OTHER_ANOMALY,"Weak / one-off detection: low FRP (1.7), no baseline",,1.74,0,0.0,0.0,0.0,0.0,0.0,False,,333.28,301.89,31.389999999999983,0,0,0,0,0,,
336,9.62942,80.3325,2026-09-05 08:13:00,1,OTHER_ANOMALY,Weak / one-off detection: no baseline,,2.0,0,0.0,0.0,0.0,0.0,0.0,False,,332.14,299.9,32.24000000000001,0,0,0,0,0,,
335,9.62122,77.4757,2026-09-05 08:13:00,1,OTHER_ANOMALY,Weak / one-off detection: no baseline,,5.38,0,0.0,0.0,0.0,0.0,0.0,False,,330.24,297.29,32.94999999999999,0,0,0,0,0,,
334,9.41869,80.46172,2026-09-05 08:13:00,1,OTHER_ANOMALY,"Weak / one-off detection: low FRP (1.5), no baseline",,1.47,0,0.0,0.0,0.0,0.0,0.0,False,,333.34,301.23,32.10999999999996,0,0,0,0,0,,
331,9.41381,80.42905,2026-09-05 08:13:00,1,OTHER_ANOMALY,"Weak / one-off detection: low FRP (1.8), no baseline",,1.79,0,0.0,0.0,0.0,0.0,0.0,False,,340.91,302.15,38.76000000000005,0,0,0,0,0,,
345,10.85818,78.95408,2026-09-05 08:16:00,1,OTHER_ANOMALY,Weak / one-off detection: no baseline,,4.71,0,0.0,0.0,0.0,0.0,0.0,False,,341.88,304.07,37.81,0,0,0,0,0,,
344,10.83204,79.18459,2026-09-05 08:16:00,1,OTHER_ANOMALY,Weak / one-off detection: no baseline,,2.98,0,0.0,0.0,0.0,0.0,0.0,False,,332.25,301.85,30.399999999999977,0,0,0,0,0,,
343,10.82872,79.18511,2026-09-05 08:16:00,1,OTHER_ANOMALY,Weak / one-off detection: no baseline,,2.98,0,0.0,0.0,0.0,0.0,0.0,False,,346.57,300.54,46.02999999999997,0,0,0,0,0,,
575,22.7975,86.20966,2026-09-05 20:46:00,1,OTHER_ANOMALY,"Weak / one-off detection: low FRP (1.4), thin history (4 detections)",,1.44,0,4.0,2.505,6.95,4.0,0.174,True,-0.3554617419014675,308.81,288.97,19.83999999999997,1,0,0,0,0,,
354,11.89135,78.72217,2026-09-05 08:16:00,1,OTHER_ANOMALY,"Weak / one-off detection: low FRP (1.3), no baseline",,1.26,0,0.0,0.0,0.0,0.0,0.0,False,,333.36,303.29,30.069999999999997,0,0,0,0,0,,
353,11.85545,78.73141,2026-09-05 08:16:00,1,OTHER_ANOMALY,Weak / one-off detection: no baseline,,2.96,0,0.0,0.0,0.0,0.0,0.0,False,,330.2,299.24,30.95999999999998,0,0,0,0,0,,
352,11.81176,79.62698,2026-09-05 08:16:00,1,OTHER_ANOMALY,Weak / one-off detection: no baseline,,3.95,0,0.0,0.0,0.0,0.0,0.0,False,,335.58,301.35,34.22999999999996,0,0,0,0,0,,
351,11.57037,79.64236,2026-09-05 08:16:00,1,OTHER_ANOMALY,"Weak / one-off detection: low FRP (1.4), no baseline",,1.41,0,0.0,0.0,0.0,0.0,0.0,False,,335.47,290.73,44.74000000000001,0,0,0,0,0,,
350,11.48627,78.88146,2026-09-05 08:16:00,1,OTHER_ANOMALY,Weak / one-off detection: no baseline,,4.68,0,0.0,0.0,0.0,0.0,0.0,False,,338.67,304.46,34.21000000000004,0,0,0,0,0,,
300,8.8651,80.74441,2026-09-05 08:13:00,1,OTHER_ANOMALY,Weak / one-off detection: no baseline,,2.97,0,0.0,0.0,0.0,0.0,0.0,False,,338.98,304.68,34.30000000000001,0,0,0,0,0,,
296,8.83842,80.44763,2026-09-05 08:13:00,1,OTHER_ANOMALY,Weak / one-off detection: no baseline,,4.07,0,0.0,0.0,0.0,0.0,0.0,False,,336.37,301.57,34.80000000000001,0,0,0,0,0,,
295,8.83489,80.47026,2026-09-05 08:13:00,1,OTHER_ANOMALY,Weak / one-off detection: no baseline,,5.31,0,0.0,0.0,0.0,0.0,0.0,False,,342.51,296.82,45.69,0,0,0,0,0,,
777,18.31238,82.37919,2026-09-06 07:58:00,1,OTHER_ANOMALY,Weak / one-off detection: no baseline,,2.64,0,0.0,0.0,0.0,0.0,0.0,False,,333.51,298.13,35.379999999999995,0,0,0,0,0,,
293,8.83201,80.99429,2026-09-05 08:13:00,1,OTHER_ANOMALY,Weak / one-off detection: no baseline,,3.73,0,0.0,0.0,0.0,0.0,0.0,False,,334.29,300.99,33.30000000000001,0,0,0,0,0,,
308,8.92709,80.78766,2026-09-05 08:13:00,1,OTHER_ANOMALY,Weak / one-off detection: no baseline,,4.77,0,0.0,0.0,0.0,0.0,0.0,False,,336.19,300.72,35.46999999999997,0,0,0,0,0,,
307,8.92369,80.78816,2026-09-05 08:13:00,1,OTHER_ANOMALY,Weak / one-off detection: no baseline,,1.96,0,0.0,0.0,0.0,0.0,0.0,False,,330.56,299.7,30.860000000000014,0,0,0,0,0,,
306,8.91925,80.87554,2026-09-05 08:13:00,1,OTHER_ANOMALY,Weak / one-off detection: no baseline,,4.03,0,0.0,0.0,0.0,0.0,0.0,False,,348.17,295.98,52.19,0,0,0,0,0,,
305,8.91912,80.68765,2026-09-05 08:13:00,1,OTHER_ANOMALY,Weak / one-off detection: thin history (1 detections),,9.06,0,1.0,5.85,5.85,1.0,1.0,True,,344.67,301.96,42.71000000000004,0,0,0,0,0,,
302,8.88978,80.86481,2026-09-05 08:13:00,1,OTHER_ANOMALY,Weak / one-off detection: no baseline,,4.77,0,0.0,0.0,0.0,0.0,0.0,False,,335.51,304.13,31.379999999999995,0,0,0,0,0,,
316,8.96129,80.87682,2026-09-05 08:13:00,1,OTHER_ANOMALY,Weak / one-off detection: no baseline,,4.8,0,0.0,0.0,0.0,0.0,0.0,False,,335.18,303.6,31.579999999999984,0,0,0,0,0,,
834,20.8889,84.98129,2026-09-06 20:27:00,1,OTHER_ANOMALY,"Weak / one-off detection: low FRP (1.5), thin history (3 detections)",,1.53,0,3.0,2.03,3.33,3.0,0.05,True,-0.4402254531628116,313.53,290.98,22.549999999999955,1,0,0,0,0,,
833,20.88511,84.98045,2026-09-06 20:27:00,1,OTHER_ANOMALY,"Weak / one-off detection: low FRP (1.5), thin history (3 detections)",,1.53,0,3.0,2.03,3.33,3.0,0.05,True,-0.4402254531628116,308.02,290.78,17.24000000000001,1,0,0,0,0,,
844,21.18955,81.19997,2026-09-06 20:27:00,1,OTHER_ANOMALY,Weak / one-off detection: no baseline,,2.87,0,0.0,0.0,0.0,0.0,0.0,False,,308.88,291.97,16.909999999999968,1,0,0,0,0,,
779,19.33445,83.43093,2026-09-06 07:58:00,1,OTHER_ANOMALY,Weak / one-off detection: no baseline,,3.33,0,0.0,0.0,0.0,0.0,0.0,False,,334.55,302.13,32.420000000000016,0,0,0,0,0,,
778,18.70286,72.34399,2026-09-06 07:58:00,1,OTHER_ANOMALY,"Weak / one-off detection: low FRP (1.7), no baseline",,1.7,0,0.0,0.0,0.0,0.0,0.0,False,,327.4,290.85,36.54999999999996,0,0,0,0,0,,
294,8.83324,80.86153,2026-09-05 08:13:00,1,OTHER_ANOMALY,"Weak / one-off detection: no baseline, low FIRMS confidence",,3.26,1,0.0,0.0,0.0,0.0,0.0,False,,333.62,303.95,29.670000000000016,0,0,0,0,0,,
408,16.49307,79.94553,2026-09-05 08:16:00,1,OTHER_ANOMALY,Weak / one-off detection: no baseline,,5.38,0,0.0,0.0,0.0,0.0,0.0,False,,334.64,303.86,30.779999999999973,0,0,0,0,0,,
407,16.46479,79.59985,2026-09-05 08:16:00,1,OTHER_ANOMALY,Weak / one-off detection: no baseline,,3.25,0,0.0,0.0,0.0,0.0,0.0,False,,337.28,303.58,33.69999999999999,0,0,0,0,0,,
406,16.27654,80.32413,2026-09-05 08:16:00,1,OTHER_ANOMALY,Weak / one-off detection: no baseline,,4.93,0,0.0,0.0,0.0,0.0,0.0,False,,337.8,300.38,37.420000000000016,0,0,0,0,0,,
405,16.27423,78.39685,2026-09-05 08:16:00,1,OTHER_ANOMALY,Weak / one-off detection: no baseline,,2.49,0,0.0,0.0,0.0,0.0,0.0,False,,339.27,302.22,37.04999999999996,0,0,0,0,0,,
414,19.02065,72.89297,2026-09-05 08:18:00,1,OTHER_ANOMALY,"Weak / one-off detection: no baseline, low FIRMS confidence",,4.9,1,0.0,0.0,0.0,0.0,0.0,False,,332.56,298.09,34.47000000000003,0,0,0,0,0,,
364,13.14227,79.26152,2026-09-05 08:16:00,1,OTHER_ANOMALY,"Weak / one-off detection: low FRP (1.5), no baseline",,1.48,0,0.0,0.0,0.0,0.0,0.0,False,,336.42,301.2,35.22000000000003,0,0,0,0,0,,
363,12.93002,76.32658,2026-09-05 08:16:00,1,OTHER_ANOMALY,Weak / one-off detection: no baseline,,4.73,0,0.0,0.0,0.0,0.0,0.0,False,,335.18,305.77,29.410000000000025,0,0,0,0,0,,
362,12.87172,80.07278,2026-09-05 08:16:00,1,OTHER_ANOMALY,"Weak / one-off detection: low FRP (1.6), no baseline",,1.57,0,0.0,0.0,0.0,0.0,0.0,False,,330.58,298.93,31.649999999999977,0,0,0,0,0,,
361,12.86005,79.94411,2026-09-05 08:16:00,1,OTHER_ANOMALY,"Weak / one-off detection: no baseline, low FIRMS confidence",,2.67,1,0.0,0.0,0.0,0.0,0.0,False,,330.17,302.1,28.069999999999997,0,0,0,0,0,,
360,12.85665,79.94463,2026-09-05 08:16:00,1,OTHER_ANOMALY,"Weak / one-off detection: no baseline, low FIRMS confidence",,4.58,1,0.0,0.0,0.0,0.0,0.0,False,,332.34,302.97,29.369999999999948,0,0,0,0,0,,
359,12.83815,79.94009,2026-09-05 08:16:00,1,OTHER_ANOMALY,"Weak / one-off detection: no baseline, low FIRMS confidence",,5.26,1,0.0,0.0,0.0,0.0,0.0,False,,334.31,305.24,29.069999999999997,0,0,0,0,0,,
358,12.80918,79.95596,2026-09-05 08:16:00,1,OTHER_ANOMALY,"Weak / one-off detection: thin history (1 detections), low FIRMS confidence",,4.06,1,1.0,3.64,3.64,1.0,1.0,True,,332.32,304.04,28.279999999999973,0,0,0,0,0,,
333,9.41815,80.45808,2026-09-05 08:13:00,1,OTHER_ANOMALY,"Weak / one-off detection: low FRP (1.1), no baseline",,1.08,0,0.0,0.0,0.0,0.0,0.0,False,,334.11,302.01,32.10000000000002,0,0,0,0,0,,
371,14.07302,79.44398,2026-09-05 08:16:00,1,OTHER_ANOMALY,Weak / one-off detection: no baseline,,5.39,0,0.0,0.0,0.0,0.0,0.0,False,,339.09,302.05,37.03999999999997,0,0,0,0,0,,
367,13.66856,78.35713,2026-09-05 08:16:00,1,OTHER_ANOMALY,"Weak / one-off detection: no baseline, low FIRMS confidence",,3.12,1,0.0,0.0,0.0,0.0,0.0,False,,333.98,306.22,27.75999999999999,0,0,0,0,0,,
366,13.29621,80.06625,2026-09-05 08:16:00,1,OTHER_ANOMALY,"Weak / one-off detection: no baseline, low FIRMS confidence",,2.46,1,0.0,0.0,0.0,0.0,0.0,False,,330.97,302.74,28.230000000000015,0,0,0,0,0,,
365,13.29584,80.0663,2026-09-05 08:16:00,1,OTHER_ANOMALY,"Weak / one-off detection: no baseline, low FIRMS confidence",,4.15,1,0.0,0.0,0.0,0.0,0.0,False,,331.23,302.64,28.590000000000032,0,0,0,0,0,,
380,14.66624,79.76509,2026-09-05 08:16:00,1,OTHER_ANOMALY,Weak / one-off detection: no baseline,,3.1,0,0.0,0.0,0.0,0.0,0.0,False,,337.69,305.53,32.160000000000025,0,0,0,0,0,,
443,31.23082,75.08361,2026-09-05 08:20:00,1,OTHER_ANOMALY,Weak / one-off detection: no baseline,,4.59,0,0.0,0.0,0.0,0.0,0.0,False,,335.64,295.18,40.45999999999998,0,0,0,0,0,,
442,31.21322,73.72516,2026-09-05 08:20:00,1,OTHER_ANOMALY,"Weak / one-off detection: no baseline, low FIRMS confidence",,4.89,1,0.0,0.0,0.0,0.0,0.0,False,,330.57,303.89,26.680000000000007,0,0,0,0,0,,
441,31.21054,73.72984,2026-09-05 08:20:00,1,OTHER_ANOMALY,"Weak / one-off detection: no baseline, low FIRMS confidence",,5.02,1,0.0,0.0,0.0,0.0,0.0,False,,330.49,300.9,29.590000000000032,0,0,0,0,0,,
439,30.60174,73.64675,2026-09-05 08:20:00,1,OTHER_ANOMALY,Weak / one-off detection: no baseline,,2.55,0,0.0,0.0,0.0,0.0,0.0,False,,335.72,301.07,34.650000000000034,0,0,0,0,0,,
438,27.65105,68.4608,2026-09-05 08:20:00,1,OTHER_ANOMALY,Weak / one-off detection: no baseline,,4.34,0,0.0,0.0,0.0,0.0,0.0,False,,345.47,300.17,45.30000000000001,0,0,0,0,0,,
448,20.86821,96.38884,2026-09-05 19:06:00,1,OTHER_ANOMALY,"Weak / one-off detection: low FRP (1.1), no baseline",,1.12,0,0.0,0.0,0.0,0.0,0.0,False,,301.43,288.7,12.730000000000018,1,0,0,0,0,,
446,34.09602,72.00973,2026-09-05 08:22:00,1,OTHER_ANOMALY,Weak / one-off detection: no baseline,,3.05,0,0.0,0.0,0.0,0.0,0.0,False,,339.02,296.12,42.89999999999998,0,0,0,0,0,,
357,12.09322,79.02973,2026-09-05 08:16:00,1,OTHER_ANOMALY,Weak / one-off detection: no baseline,,3.38,0,0.0,0.0,0.0,0.0,0.0,False,,338.07,300.9,37.170000000000016,0,0,0,0,0,,
348,10.98545,78.22152,2026-09-05 08:16:00,1,OTHER_ANOMALY,Weak / one-off detection: no baseline,,4.83,0,0.0,0.0,0.0,0.0,0.0,False,,341.16,307.93,33.23000000000002,0,0,0,0,0,,
803,28.34537,77.22824,2026-09-06 20:25:00,1,OTHER_ANOMALY,"Weak / one-off detection: low FRP (1.7), thin history (1 detections)",,1.68,0,1.0,1.97,1.97,1.0,1.0,True,,313.79,291.85,21.94,1,0,0,0,0,,
795,31.20359,72.1606,2026-09-06 08:03:00,1,OTHER_ANOMALY,"Weak / one-off detection: low FRP (1.2), no baseline, low FIRMS confidence",,1.24,1,0.0,0.0,0.0,0.0,0.0,False,,330.81,301.76,29.05000000000001,0,0,0,0,0,,
794,30.8377,72.16951,2026-09-06 08:03:00,1,OTHER_ANOMALY,Weak / one-off detection: no baseline,,2.38,0,0.0,0.0,0.0,0.0,0.0,False,,331.87,298.45,33.420000000000016,0,0,0,0,0,,
793,27.92614,69.84824,2026-09-06 08:03:00,1,OTHER_ANOMALY,Weak / one-off detection: no baseline,,2.71,0,0.0,0.0,0.0,0.0,0.0,False,,342.67,302.05,40.620000000000005,0,0,0,0,0,,
792,27.9254,69.84502,2026-09-06 08:03:00,1,OTHER_ANOMALY,Weak / one-off detection: no baseline,,2.71,0,0.0,0.0,0.0,0.0,0.0,False,,347.18,302.92,44.25999999999999,0,0,0,0,0,,
791,27.64392,69.48135,2026-09-06 08:03:00,1,OTHER_ANOMALY,Weak / one-off detection: no baseline,,2.23,0,0.0,0.0,0.0,0.0,0.0,False,,340.12,302.18,37.94,0,0,0,0,0,,
790,26.63973,72.26364,2026-09-06 08:03:00,1,OTHER_ANOMALY,Weak / one-off detection: no baseline,,3.86,0,0.0,0.0,0.0,0.0,0.0,False,,339.78,302.25,37.52999999999997,0,0,0,0,0,,
806,32.57378,72.56132,2026-09-06 20:25:00,1,OTHER_ANOMALY,"Weak / one-off detection: low FRP (1.3), thin history (3 detections)",,1.3,0,3.0,3.7566666666666655,4.1,3.0,0.429,True,-4.662409655228985,307.12,293.46,13.660000000000023,1,1,1,1,0,572.0,1066.7
749,8.78857,80.56424,2026-09-06 07:56:00,1,OTHER_ANOMALY,Weak / one-off detection: no baseline,,5.45,0,0.0,0.0,0.0,0.0,0.0,False,,331.8,295.9,35.900000000000034,0,0,0,0,0,,
743,8.65905,80.50457,2026-09-06 07:56:00,1,OTHER_ANOMALY,Weak / one-off detection: thin history (1 detections),,10.58,0,1.0,5.56,5.56,1.0,1.0,True,,345.93,297.52,48.410000000000025,0,0,0,0,0,,
742,8.64888,80.62563,2026-09-06 07:56:00,1,OTHER_ANOMALY,"Weak / one-off detection: thin history (1 detections), low FIRMS confidence",,6.18,1,1.0,3.45,3.45,1.0,1.0,True,,335.0,298.56,36.44,0,0,0,0,0,,
409,16.51543,78.36472,2026-09-05 08:16:00,1,OTHER_ANOMALY,Weak / one-off detection: no baseline,,3.19,0,0.0,0.0,0.0,0.0,0.0,False,,334.28,299.48,34.799999999999955,0,0,0,0,0,,
756,8.94726,80.80805,2026-09-06 07:56:00,1,OTHER_ANOMALY,"Weak / one-off detection: no baseline, low FIRMS confidence",,4.81,1,0.0,0.0,0.0,0.0,0.0,False,,330.28,296.71,33.56999999999999,0,0,0,0,0,,
752,8.89856,80.87868,2026-09-06 07:56:00,1,OTHER_ANOMALY,Weak / one-off detection: no baseline,,4.45,0,0.0,0.0,0.0,0.0,0.0,False,,333.91,298.42,35.49000000000001,0,0,0,0,0,,
764,9.69221,77.82102,2026-09-06 07:56:00,1,OTHER_ANOMALY,Weak / one-off detection: no baseline,,4.64,0,0.0,0.0,0.0,0.0,0.0,False,,340.85,294.22,46.63,0,0,0,0,0,,
761,9.23311,78.75137,2026-09-06 07:56:00,1,OTHER_ANOMALY,Weak / one-off detection: no baseline,,2.59,0,0.0,0.0,0.0,0.0,0.0,False,,337.36,297.91,39.44999999999999,0,0,0,0,0,,
759,8.99992,80.78308,2026-09-06 07:56:00,1,OTHER_ANOMALY,Weak / one-off detection: thin history (1 detections),,7.0,0,1.0,9.1,9.1,1.0,1.0,True,,342.03,295.46,46.56999999999999,0,0,0,0,0,,
768,14.64825,75.44234,2026-09-06 07:58:00,1,OTHER_ANOMALY,Weak / one-off detection: no baseline,,4.6,0,0.0,0.0,0.0,0.0,0.0,False,,340.81,296.4,44.410000000000025,0,0,0,0,0,,
716,8.30794,81.00919,2026-09-06 07:56:00,1,OTHER_ANOMALY,Weak / one-off detection: no baseline,,5.61,0,0.0,0.0,0.0,0.0,0.0,False,,332.94,296.67,36.26999999999998,0,0,0,0,0,,
711,8.26466,80.15013,2026-09-06 07:56:00,1,OTHER_ANOMALY,"Weak / one-off detection: low FRP (1.6), no baseline, low FIRMS confidence",,1.55,1,0.0,0.0,0.0,0.0,0.0,False,,332.6,295.15,37.450000000000045,0,0,0,0,0,,
724,8.4977,80.24945,2026-09-06 07:56:00,1,OTHER_ANOMALY,Weak / one-off detection: thin history (1 detections),,15.55,0,1.0,8.17,8.17,1.0,1.0,True,,349.04,300.89,48.150000000000034,0,0,0,0,0,,
721,8.47988,80.45582,2026-09-06 07:56:00,1,OTHER_ANOMALY,"Weak / one-off detection: thin history (1 detections), low FIRMS confidence",,5.17,1,1.0,6.49,6.49,1.0,1.0,True,,333.2,298.07,35.129999999999995,0,0,0,0,0,,
719,8.42356,80.34282,2026-09-06 07:56:00,1,OTHER_ANOMALY,Weak / one-off detection: no baseline,,4.74,0,0.0,0.0,0.0,0.0,0.0,False,,332.46,297.82,34.639999999999986,0,0,0,0,0,,
411,16.8774,79.9932,2026-09-05 08:16:00,1,OTHER_ANOMALY,Weak / one-off detection: no baseline,,3.15,0,0.0,0.0,0.0,0.0,0.0,False,,332.78,301.37,31.409999999999968,0,0,0,0,0,,
757,8.95371,80.87083,2026-09-06 07:56:00,1,OTHER_ANOMALY,Weak / one-off detection: no baseline,,4.19,0,0.0,0.0,0.0,0.0,0.0,False,,333.82,296.18,37.63999999999999,0,0,0,0,0,,
